image_id,sector_label,lat,lon
region_1_IMG_20260111_153359.jpg,1,31.26184810,34.80350050
region_3_20260118_154745.jpg,3,31.26203090,34.80199400
region_3_20260117_151144.jpg,3,31.26188670,34.80153450
region_2_IMG_5966.jpg,2,31.26212778,34.80253889
region_2_20260116_162921.jpg,2,31.26202460,34.80248290
region_3_20260118_153927.jpg,3,31.26228190,34.80206940
region_1_IMG_20260111_155547.jpg,1,31.26194700,34.80350670
region_4_20260117_145008.jpg,4,31.26202610,34.80119040
region_4_20260117_142719.jpg,4,31.26182330,34.80100010
region_0_IMG_5729.jpg,0,31.26190278,34.80403611
region_2_20260116_162823.jpg,2,31.26202080,34.80263410
region_0_IMG_5395.jpg,0,31.26166389,34.80434444
region_3_20260117_152020.jpg,3,31.26172010,34.80168520
region_0_IMG_5559.jpg,0,31.26198056,34.80394444
region_2_20260116_164845.jpg,2,31.26202560,34.80268220
region_3_20260117_151621.jpg,3,31.26192850,34.80151890
region_4_20260117_144717.jpg,4,31.26226200,34.80103600
region_2_20260116_162423.jpg,2,31.26208870,34.80267340
region_4_20260117_144401.jpg,4,31.26189850,34.80110310
region_3_20260118_155008.jpg,3,31.26246680,34.80213250
region_1_IMG_20260111_155640.jpg,1,31.26197320,34.80346790
region_0_IMG_5408.jpg,0,31.26183611,34.80438611
region_4_20260117_145740.jpg,4,31.26231330,34.80131160
region_2_20260116_162604.jpg,2,31.26202980,34.80274210
region_3_20260117_152054.jpg,3,31.26174930,34.80165450
region_1_IMG_20260111_154901.jpg,1,31.26212710,34.80355470
region_4_20260117_150636.jpg,4,31.26223290,34.80143270
region_2_IMG_5786.jpg,2,31.26235000,34.80307500
region_0_IMG_5663.jpg,0,31.26190278,34.80416944
region_4_20260117_145824.jpg,4,31.26229810,34.80133180
region_3_20260118_152059.jpg,3,31.26190320,34.80194420
region_4_20260117_145419.jpg,4,31.26224690,34.80128140
region_0_IMG_5429.jpg,0,31.26206667,34.80437500
region_4_20260117_144142.jpg,4,31.26200630,34.80130300
region_2_20260116_164129.jpg,2,31.26196950,34.80269670
region_0_IMG_5493.jpg,0,31.26184167,34.80429722
region_3_20260118_154250.jpg,3,31.26184780,34.80209690
region_3_20260118_154831.jpg,3,31.26216630,34.80196670
region_3_20260118_155550.jpg,3,31.26179860,34.80213150
region_3_20260118_152713.jpg,3,31.26189110,34.80201810
region_2_IMG_6105.jpg,2,31.26205000,34.80256667
region_2_IMG_6050.jpg,2,31.26204167,34.80289444
region_4_20260117_145734.jpg,4,31.26224510,34.80131190
region_3_20260117_152156.jpg,3,31.26198340,34.80170840
region_0_IMG_5676.jpg,0,31.26206111,34.80416111
region_3_20260118_152307.jpg,3,31.26194380,34.80195540
region_1_IMG_20260111_154120.jpg,1,31.26209970,34.80344140
region_4_20260117_150528.jpg,4,31.26206330,34.80144610
region_1_IMG_20260111_153750.jpg,1,31.26198050,34.80351360
region_3_20260118_151120.jpg,3,31.26184670,34.80177750
region_3_20260117_151821.jpg,3,31.26178070,34.80167620
region_0_IMG_5631.jpg,0,31.26196389,34.80425278
region_2_20260116_162632.jpg,2,31.26200130,34.80278170
region_0_IMG_5483.jpg,0,31.26200556,34.80429722
region_3_20260118_151505.jpg,3,31.26186530,34.80185710
region_2_20260116_163431.jpg,2,31.26198680,34.80275780
region_3_20260117_152540.jpg,3,31.26163110,34.80183260
region_3_20260118_152557.jpg,3,31.26171960,34.80202150
region_3_20260118_155319.jpg,3,31.26206340,34.80209150
region_2_20260116_164812.jpg,2,31.26199900,34.80277350
region_3_20260118_152029.jpg,3,31.26175780,34.80191980
region_2_IMG_5804.jpg,2,31.26222500,34.80279167
region_2_20260116_162118.jpg,2,31.26201810,34.80277500
region_1_IMG_20260111_154924.jpg,1,31.26212710,34.80355470
region_3_20260118_155322.jpg,3,31.26205620,34.80206950
region_4_20260117_150836.jpg,4,31.26232650,34.80157850
region_1_IMG_20260111_155655.jpg,1,31.26212290,34.80358770
region_4_20260117_142704.jpg,4,31.26182330,34.80100010
region_2_IMG_5959.jpg,2,31.26213333,34.80259444
region_3_20260118_151645.jpg,3,31.26195510,34.80188290
region_3_20260118_153903.jpg,3,31.26228190,34.80206940
region_3_20260118_154749.jpg,3,31.26203090,34.80199400
region_2_20260116_164258.jpg,2,31.26207164,34.80258825
region_3_20260117_151721.jpg,3,31.26192490,34.80164470
region_1_IMG_20260111_155544.jpg,1,31.26209560,34.80356560
region_4_20260117_145608.jpg,4,31.26204150,34.80127400
region_4_20260117_145554.jpg,4,31.26204150,34.80127400
region_2_20260116_164247.jpg,2,31.26207160,34.80258820
region_1_IMG_20260111_155840.jpg,1,31.26206510,34.80355220
region_2_IMG_5882.jpg,2,31.26215833,34.80283611
region_4_20260117_143041.jpg,4,31.26183680,34.80118780
region_3_20260117_151147.jpg,3,31.26188670,34.80153450
region_4_20260117_145350.jpg,4,31.26231610,34.80119710
region_0_IMG_5462.jpg,0,31.26214167,34.80427500
region_4_20260117_144129.jpg,4,31.26200630,34.80130300
region_3_20260118_151539.jpg,3,31.26196570,34.80189590
region_4_20260117_145753.jpg,4,31.26231800,34.80128410
region_3_20260118_155451.jpg,3,31.26188570,34.80126380
region_2_20260116_162441.jpg,2,31.26208870,34.80267340
region_2_20260116_164325.jpg,2,31.26207160,34.80258820
region_2_20260116_164151.jpg,2,31.26195710,34.80280300
region_3_20260118_154857.jpg,3,31.26216630,34.80196670
region_4_20260117_150008.jpg,4,31.26199080,34.80136400
region_3_20260117_151343.jpg,3,31.26175690,34.80151040
region_2_20260116_163034.jpg,2,31.26194280,34.80252360
region_0_IMG_5537.jpg,0,31.26173611,34.80386667
region_3_20260117_152126.jpg,3,31.26189590,34.80166620
region_3_20260118_155414.jpg,3,31.26205620,34.80206950
region_4_20260117_150205.jpg,4,31.26229800,34.80140800
region_2_IMG_5782.jpg,2,31.26226944,34.80331389
region_4_20260117_145144.jpg,4,31.26210610,34.80114690
region_1_IMG_20260111_155240.jpg,1,31.26212590,34.80353330
region_2_IMG_5958.jpg,2,31.26213611,34.80259722
region_3_20260118_151445.jpg,3,31.26185200,34.80186740
region_3_20260118_151725.jpg,3,31.26185460,34.80187570
region_3_20260118_155410.jpg,3,31.26205620,34.80206950
region_2_20260116_164832.jpg,2,31.26199905,34.80277357
region_3_20260118_151737.jpg,3,31.26184910,34.80192210
region_4_20260117_144748.jpg,4,31.26238850,34.80106690
region_3_20260118_155548.jpg,3,31.26179860,34.80213150
region_4_20260117_141850.jpg,4,31.26178090,34.80136530
region_2_IMG_5993.jpg,2,31.26211111,34.80255833
region_2_20260116_162120.jpg,2,31.26201812,34.80277500
region_0_IMG_5617.jpg,0,31.26204722,34.80424167
region_2_20260116_162115.jpg,2,31.26201810,34.80277500
region_2_IMG_5964.jpg,2,31.26212500,34.80254722
region_3_20260118_154253.jpg,3,31.26181490,34.80209250
region_0_IMG_5423.jpg,0,31.26209167,34.80437222
region_4_20260117_143111.jpg,4,31.26183680,34.80118780
region_0_IMG_5512.jpg,0,31.26181667,34.80394722
region_3_20260118_151735.jpg,3,31.26179500,34.80189410
region_2_20260116_164352.jpg,2,31.26201710,34.80265730
region_3_20260117_152242.jpg,3,31.26207040,34.80169540
region_0_IMG_5603.jpg,0,31.26225000,34.80378611
region_3_20260118_155515.jpg,3,31.26189410,34.80180730
region_1_IMG_20260111_153500.jpg,1,31.26194240,34.80352940
region_1_IMG_20260111_154105.jpg,1,31.26211550,34.80336790
region_3_20260117_151614.jpg,3,31.26192850,34.80151890
region_3_20260118_151134.jpg,3,31.26184670,34.80177750
region_2_20260116_162453.jpg,2,31.26208870,34.80267340
region_4_20260117_143203.jpg,4,31.26185410,34.80118840
region_1_IMG_20260111_155628.jpg,1,31.26197320,34.80346790
region_4_20260117_145830.jpg,4,31.26224210,34.80135740
region_1_IMG_20260111_155558.jpg,1,31.26194700,34.80350670
region_2_IMG_5984.jpg,2,31.26209722,34.80250556
region_3_20260118_152402.jpg,3,31.26175430,34.80191080
region_2_20260116_164012.jpg,2,31.26195949,34.80263410
region_4_20260117_143432.jpg,4,31.26192200,34.80137080
region_3_20260117_152033.jpg,3,31.26174930,34.80165450
region_0_IMG_5661.jpg,0,31.26190556,34.80417222
region_0_IMG_5606.jpg,0,31.26227778,34.80381111
region_3_20260118_155440.jpg,3,31.26203150,34.80193450
region_3_20260118_152027.jpg,3,31.26175780,34.80191980
region_4_20260117_150037.jpg,4,31.26201530,34.80138530
region_3_20260118_151837.jpg,3,31.26163610,34.80189310
region_4_20260117_142844.jpg,4,31.26178440,34.80122060
region_3_20260117_152348.jpg,3,31.26204760,34.80174950
region_1_IMG_20260111_153319.jpg,1,31.26187970,34.80340650
region_4_20260117_142655.jpg,4,31.26182330,34.80100010
region_1_IMG_20260111_155038.jpg,1,31.26210140,34.80359590
region_4_20260117_150343.jpg,4,31.26215730,34.80138530
region_4_20260117_145921.jpg,4,31.26221360,34.80133200
region_0_IMG_5454.jpg,0,31.26234722,34.80431667
region_2_20260116_164735.jpg,2,31.26197550,34.80265080
region_3_20260117_151011.jpg,3,31.26201120,34.80143900
region_0_IMG_5664.jpg,0,31.26190278,34.80416944
region_3_20260118_151313.jpg,3,31.26176600,34.80194050
region_4_20260117_144834.jpg,4,31.26235590,34.80103400
region_3_20260118_152256.jpg,3,31.26194380,34.80195540
region_2_IMG_6073.jpg,2,31.26205278,34.80275000
region_0_IMG_5723.jpg,0,31.26189722,34.80403611
region_3_20260118_151322.jpg,3,31.26171960,34.80187630
region_2_20260116_164318.jpg,2,31.26207160,34.80258820
region_4_20260117_145022.jpg,4,31.26196190,34.80126550
region_3_20260117_151527.jpg,3,31.26165380,34.80152660
region_0_IMG_5738.jpg,0,31.26194444,34.80404722
region_2_20260116_162252.jpg,2,31.26200710,34.80259538
region_4_20260117_145915.jpg,4,31.26221360,34.80133200
region_2_IMG_5855.jpg,2,31.26216111,34.80264722
region_4_20260117_142836.jpg,4,31.26178440,34.80122060
region_3_20260118_151515.jpg,3,31.26190010,34.80184570
region_1_IMG_20260111_153641.jpg,1,31.26185630,34.80347770
region_3_20260118_152014.jpg,3,31.26173070,34.80193940
region_1_IMG_20260111_155755.jpg,1,31.26211450,34.80355010
region_3_20260118_151143.jpg,3,31.26174160,34.80180220
region_2_IMG_5829.jpg,2,31.26216667,34.80256389
region_3_20260118_153511.jpg,3,31.26203740,34.80205100
region_3_20260118_151951.jpg,3,31.26163180,34.80190020
region_4_20260117_150302.jpg,4,31.26225860,34.80138750
region_1_IMG_20260111_155115.jpg,1,31.26211890,34.80354080
region_1_IMG_20260111_154639.jpg,1,31.26212600,34.80337040
region_0_IMG_5458.jpg,0,31.26233611,34.80432500
region_2_20260116_163358.jpg,2,31.26183390,34.80280190
region_3_20260118_152112.jpg,3,31.26182950,34.80193160
region_0_IMG_5598.jpg,0,31.26217778,34.80385833
region_0_IMG_5535.jpg,0,31.26175278,34.80384722
region_4_20260117_145218.jpg,4,31.26223300,34.80117980
region_1_IMG_20260111_154549.jpg,1,31.26213430,34.80335810
region_1_IMG_20260111_154123.jpg,1,31.26209970,34.80344140
region_0_IMG_5424.jpg,0,31.26208333,34.80437778
region_1_IMG_20260111_154424.jpg,1,31.26212280,34.80358320
region_4_20260117_150653.jpg,4,31.26223290,34.80143270
region_3_20260117_151927.jpg,3,31.26162770,34.80163310
region_2_20260116_163102.jpg,2,31.26195360,34.80274640
region_4_20260117_143008.jpg,4,31.26179980,34.80134360
region_2_IMG_5892.jpg,2,31.26214722,34.80288611
region_2_20260116_163601.jpg,2,31.26196580,34.80267110
region_3_20260118_152635.jpg,3,31.26178650,34.80195700
region_2_20260116_162250.jpg,2,31.26200700,34.80259530
region_2_20260116_162949.jpg,2,31.26194280,34.80252360
region_1_IMG_20260111_154441.jpg,1,31.26213440,34.80352400
region_2_20260116_164509.jpg,2,31.26201690,34.80271740
region_4_20260117_145848.jpg,4,31.26222480,34.80139220
region_1_IMG_20260111_153431.jpg,1,31.26183730,34.80346530
region_4_20260117_142007.jpg,4,31.26168660,34.80119530
region_2_IMG_6099.jpg,2,31.26205556,34.80260556
region_4_20260117_142933.jpg,4,31.26179980,34.80134360
region_2_IMG_6095.jpg,2,31.26205833,34.80261944
region_2_20260116_162228.jpg,2,31.26200710,34.80259538
region_4_20260117_144103.jpg,4,31.26204510,34.80136030
region_0_IMG_5524.jpg,0,31.26187500,34.80396389
region_2_20260116_162952.jpg,2,31.26194280,34.80252360
region_3_20260117_152536.jpg,3,31.26163110,34.80183260
region_4_20260117_145739.jpg,4,31.26232170,34.80128980
region_3_20260117_151312.jpg,3,31.26177960,34.80151800
region_3_20260118_152003.jpg,3,31.26163180,34.80190020
region_2_20260116_164221.jpg,2,31.26195710,34.80280300
region_2_20260116_164102.jpg,2,31.26196950,34.80269670
region_0_IMG_5508.jpg,0,31.26183611,34.80423611
region_1_IMG_20260111_155338.jpg,1,31.26212650,34.80356160
region_1_IMG_20260111_154323.jpg,1,31.26207250,34.80351040
region_3_20260118_151453.jpg,3,31.26185370,34.80183230
region_3_20260117_152357.jpg,3,31.26204760,34.80174950
region_3_20260117_152008.jpg,3,31.26172130,34.80170940
region_4_20260117_142532.jpg,4,31.26176410,34.80096240
region_2_20260116_163304.jpg,2,31.26207150,34.80265390
region_1_IMG_20260111_154547.jpg,1,31.26213430,34.80335810
region_0_IMG_5503.jpg,0,31.26181111,34.80413056
region_4_20260117_144617.jpg,4,31.26207060,34.80112910
region_3_20260117_152711.jpg,3,31.26192910,34.80181450
region_1_IMG_20260111_154353.jpg,1,31.26212970,34.80359140
region_4_20260117_144802.jpg,4,31.26235590,34.80103400
region_2_IMG_5843.jpg,2,31.26213889,34.80254444
region_2_20260116_163122.jpg,2,31.26202070,34.80272600
region_3_20260118_151008.jpg,3,31.26208650,34.80183370
region_3_20260117_151755.jpg,3,31.26184730,34.80162410
region_3_20260118_152437.jpg,3,31.26167790,34.80196480
region_3_20260118_155543.jpg,3,31.26188343,34.80218508
region_4_20260117_143235.jpg,4,31.26185410,34.80118840
region_1_IMG_20260111_154915.jpg,1,31.26212710,34.80355470
region_3_20260117_151636.jpg,3,31.26198660,34.80157640
region_3_20260118_152954.jpg,3,31.26189480,34.80202950
region_0_IMG_5525.jpg,0,31.26184167,34.80394722
region_0_IMG_5613.jpg,0,31.26229167,34.80362222
region_0_IMG_5615.jpg,0,31.26237778,34.80359722
region_1_IMG_20260111_153242.jpg,1,31.26183250,34.80349150
region_3_20260118_154053.jpg,3,31.26204180,34.80200270
region_0_IMG_5509.jpg,0,31.26183611,34.80423611
region_4_20260117_145407.jpg,4,31.26224690,34.80128140
region_2_20260116_163223.jpg,2,31.26193400,34.80267360
region_3_20260117_152341.jpg,3,31.26204760,34.80174950
region_3_20260118_155651.jpg,3,31.26170670,34.80218100
region_2_IMG_6008.jpg,2,31.26209167,34.80269167
region_1_IMG_20260111_153902.jpg,1,31.26213740,34.80341660
region_2_20260116_162341.jpg,2,31.26202064,34.80275698
region_2_IMG_5920.jpg,2,31.26214167,34.80287222
region_3_20260118_154813.jpg,3,31.26203090,34.80199400
region_0_IMG_5757.jpg,0,31.26201111,34.80400000
region_2_IMG_5866.jpg,2,31.26216667,34.80271944
region_0_IMG_5399.jpg,0,31.26178889,34.80443056
region_3_20260118_151710.jpg,3,31.26188530,34.80187420
region_0_IMG_5726.jpg,0,31.26191111,34.80404167
region_2_IMG_5796.jpg,2,31.26222778,34.80284167
region_1_IMG_20260111_153757.jpg,1,31.26187590,34.80325330
region_3_20260118_154701.jpg,3,31.26189940,34.80198760
region_1_IMG_20260111_153337.jpg,1,31.26187240,34.80348090
region_3_20260118_153848.jpg,3,31.26233420,34.80208650
region_4_20260117_142910.jpg,4,31.26178440,34.80122060
region_2_20260116_162734.jpg,2,31.26206410,34.80268850
region_2_20260116_164903.jpg,2,31.26202560,34.80268220
region_2_20260116_163237.jpg,2,31.26193400,34.80267360
region_3_20260117_152445.jpg,3,31.26172890,34.80175330
region_4_20260117_142051.jpg,4,31.26168660,34.80119530
region_2_20260116_164219.jpg,2,31.26195710,34.80280300
region_2_20260116_162512.jpg,2,31.26202250,34.80279560
region_3_20260117_151739.jpg,3,31.26187050,34.80158290
region_2_IMG_6091.jpg,2,31.26205556,34.80266111
region_2_20260116_162219.jpg,2,31.26200700,34.80259530
region_1_IMG_20260111_153614.jpg,1,31.26204290,34.80350810
region_4_20260117_142930.jpg,4,31.26180320,34.80136250
region_2_20260116_163247.jpg,2,31.26193400,34.80267360
region_4_20260117_145225.jpg,4,31.26223300,34.80117980
region_3_20260117_152603.jpg,3,31.26178610,34.80185170
region_3_20260118_152142.jpg,3,31.26195070,34.80193160
region_2_IMG_6048.jpg,2,31.26205000,34.80290278
region_4_20260117_150356.jpg,4,31.26217510,34.80146290
region_3_20260117_152538.jpg,3,31.26163110,34.80183260
region_3_20260118_155645.jpg,3,31.26170670,34.80218100
region_4_20260117_150640.jpg,4,31.26223290,34.80143270
region_3_20260118_151803.jpg,3,31.26174210,34.80184030
region_2_20260116_164738.jpg,2,31.26197550,34.80265080
region_2_IMG_5915.jpg,2,31.26225000,34.80305556
region_4_20260117_150452.jpg,4,31.26210710,34.80144180
region_0_IMG_5668.jpg,0,31.26189444,34.80413889
region_4_20260117_144428.jpg,4,31.26189850,34.80110310
region_4_20260117_142858.jpg,4,31.26178440,34.80122060
region_3_20260117_151356.jpg,3,31.26175690,34.80151040
region_1_IMG_20260111_154124.jpg,1,31.26209970,34.80344140
region_3_20260118_152358.jpg,3,31.26175430,34.80191080
region_3_20260117_152130.jpg,3,31.26194300,34.80171750
region_1_IMG_20260111_153824.jpg,1,31.26213230,34.80354880
region_4_20260117_143837.jpg,4,31.26192220,34.80123530
region_3_20260118_155424.jpg,3,31.26203150,34.80193450
region_4_20260117_142709.jpg,4,31.26182330,34.80100010
region_2_IMG_6075.jpg,2,31.26205556,34.80276111
region_4_20260117_143331.jpg,4,31.26187390,34.80139440
region_2_IMG_5992.jpg,2,31.26211111,34.80256389
region_0_IMG_5397.jpg,0,31.26171389,34.80436389
region_3_20260117_152605.jpg,3,31.26172730,34.80182310
region_3_20260118_153935.jpg,3,31.26228190,34.80206940
region_3_20260117_151225.jpg,3,31.26196670,34.80146840
region_2_IMG_5875.jpg,2,31.26215833,34.80278333
region_3_20260118_154247.jpg,3,31.26180610,34.80204430
region_2_IMG_5824.jpg,2,31.26219722,34.80259722
region_3_20260118_154531.jpg,3,31.26179910,34.80209850
region_1_IMG_20260111_153542.jpg,1,31.26215590,34.80354850
region_3_20260118_154448.jpg,3,31.26165590,34.80201680
region_2_20260116_164636.jpg,2,31.26197360,34.80250880
region_2_IMG_6096.jpg,2,31.26205833,34.80262778
region_3_20260118_152441.jpg,3,31.26176790,34.80207490
region_1_IMG_20260111_155416.jpg,1,31.26210000,34.80359340
region_0_IMG_5480.jpg,0,31.26201111,34.80429444
region_4_20260117_144919.jpg,4,31.26224220,34.80111210
region_2_20260116_162557.jpg,2,31.26202981,34.80274214
region_4_20260117_150320.jpg,4,31.26225860,34.80138750
region_3_20260118_155453.jpg,3,31.26193470,34.80190400
region_0_IMG_5593.jpg,0,31.26208611,34.80406667
region_2_IMG_6083.jpg,2,31.26205556,34.80270833
region_4_20260117_145610.jpg,4,31.26204150,34.80127400
region_1_IMG_20260111_153505.jpg,1,31.26194240,34.80352940
region_3_20260117_152652.jpg,3,31.26187440,34.80183440
region_3_20260117_152206.jpg,3,31.26208010,34.80169910
region_3_20260117_152024.jpg,3,31.26175060,34.80168610
region_3_20260117_151903.jpg,3,31.26169980,34.80160220
region_4_20260117_141738.jpg,4,31.26171920,34.80085850
region_2_20260116_163905.jpg,2,31.26200460,34.80271900
region_0_IMG_5727.jpg,0,31.26191389,34.80404167
region_1_IMG_20260111_153527.jpg,1,31.26211340,34.80360240
region_4_20260117_150854.jpg,4,31.26232650,34.80157850
region_2_20260116_163616.jpg,2,31.26196580,34.80267110
region_4_20260117_150328.jpg,4,31.26218550,34.80140380
region_4_20260117_150634.jpg,4,31.26223290,34.80143270
region_0_IMG_5620.jpg,0,31.26205556,34.80424167
region_3_20260117_151846.jpg,3,31.26180010,34.80165490
region_3_20260118_153748.jpg,3,31.26223760,34.80192490
region_3_20260118_152930.jpg,3,31.26189480,34.80202950
region_2_IMG_6015.jpg,2,31.26209722,34.80275278
region_2_IMG_6063.jpg,2,31.26204167,34.80284167
region_2_20260116_162741.jpg,2,31.26202080,34.80263410
region_3_20260118_155426.jpg,3,31.26203150,34.80193450
region_3_20260118_151554.jpg,3,31.26201210,34.80188840
region_4_20260117_145754.jpg,4,31.26232560,34.80129730
region_3_20260118_154234.jpg,3,31.26187140,34.80192910
region_3_20260118_154122.jpg,3,31.26189840,34.80201810
region_1_IMG_20260111_154450.jpg,1,31.26213440,34.80352400
region_0_IMG_5595.jpg,0,31.26208056,34.80406111
region_4_20260117_144118.jpg,4,31.26200630,34.80130300
region_1_IMG_20260111_153947.jpg,1,31.26184370,34.80322560
region_3_20260118_154103.jpg,3,31.26203670,34.80204290
region_3_20260118_153138.jpg,3,31.26165300,34.80207610
region_1_IMG_20260111_153741.jpg,1,31.26198050,34.80351360
region_2_IMG_6032.jpg,2,31.26210000,34.80286111
region_2_20260116_163412.jpg,2,31.26197280,34.80272990
region_2_20260116_164710.jpg,2,31.26197550,34.80265080
region_3_20260117_152143.jpg,3,31.26200750,34.80168900
region_3_20260118_154221.jpg,3,31.26184430,34.80201790
region_0_IMG_5538.jpg,0,31.26174167,34.80378611
region_3_20260117_151628.jpg,3,31.26195350,34.80150640
region_2_IMG_5988.jpg,2,31.26211667,34.80254722
region_3_20260117_152240.jpg,3,31.26207040,34.80169540
region_1_IMG_20260111_154507.jpg,1,31.26214490,34.80345720
region_3_20260118_153805.jpg,3,31.26233420,34.80208650
region_3_20260117_151702.jpg,3,31.26197250,34.80157740
region_2_20260116_164518.jpg,2,31.26201690,34.80271740
region_3_20260118_151356.jpg,3,31.26167220,34.80184460
region_1_IMG_20260111_154601.jpg,1,31.26217040,34.80330780
region_3_20260118_152001.jpg,3,31.26163180,34.80190020
region_4_20260117_143952.jpg,4,31.26187160,34.80121680
region_0_IMG_5713.jpg,0,31.26192222,34.80407778
region_1_IMG_20260111_154108.jpg,1,31.26211550,34.80336790
region_2_20260116_164337.jpg,2,31.26207164,34.80258825
region_2_20260116_162446.jpg,2,31.26208870,34.80267340
region_3_20260117_151347.jpg,3,31.26175690,34.80151040
region_2_20260116_163322.jpg,2,31.26207150,34.80265390
region_0_IMG_5694.jpg,0,31.26207222,34.80423333
region_4_20260117_145635.jpg,4,31.26211620,34.80126020
region_4_20260117_143109.jpg,4,31.26183680,34.80118780
region_0_IMG_5641.jpg,0,31.26190278,34.80426389
region_0_IMG_5585.jpg,0,31.26219444,34.80413056
region_2_20260116_164814.jpg,2,31.26199900,34.80277350
region_3_20260118_155437.jpg,3,31.26203150,34.80193450
region_2_20260116_162541.jpg,2,31.26202970,34.80281910
region_3_20260118_154737.jpg,3,31.26203090,34.80199400
region_2_20260116_163132.jpg,2,31.26187160,34.80273570
region_2_IMG_5863.jpg,2,31.26216944,34.80269167
region_2_IMG_5939.jpg,2,31.26214722,34.80277222
region_3_20260117_151728.jpg,3,31.26199540,34.80162220
region_3_20260118_154410.jpg,3,31.26163760,34.80211170
region_3_20260117_151540.jpg,3,31.26165380,34.80152660
region_3_20260118_153146.jpg,3,31.26171730,34.80208870
region_4_20260117_150454.jpg,4,31.26210710,34.80144180
region_2_20260116_162909.jpg,2,31.26202460,34.80248290
region_2_IMG_5890.jpg,2,31.26215000,34.80288333
region_1_IMG_20260111_154343.jpg,1,31.26210500,34.80351320
region_2_IMG_5919.jpg,2,31.26214722,34.80286389
region_1_IMG_20260111_155359.jpg,1,31.26204900,34.80349900
region_3_20260118_152926.jpg,3,31.26189480,34.80202950
region_4_20260117_145002.jpg,4,31.26197740,34.80120330
region_2_20260116_164522.jpg,2,31.26201690,34.80271740
region_4_20260117_141903.jpg,4,31.26168430,34.80103180
region_0_IMG_5530.jpg,0,31.26182222,34.80395556
region_2_20260116_164021.jpg,2,31.26195940,34.80263410
region_2_20260116_163952.jpg,2,31.26195940,34.80263410
region_2_IMG_5790.jpg,2,31.26234444,34.80307500
region_3_20260118_154659.jpg,3,31.26189940,34.80198760
region_4_20260117_142856.jpg,4,31.26178440,34.80122060
region_4_20260117_142958.jpg,4,31.26179980,34.80134360
region_3_20260117_152200.jpg,3,31.26201300,34.80173220
region_3_20260118_151733.jpg,3,31.26179500,34.80189410
region_1_IMG_20260111_153524.jpg,1,31.26211340,34.80360240
region_0_IMG_5544.jpg,0,31.26176389,34.80361944
region_3_20260118_154131.jpg,3,31.26195290,34.80203100
region_0_IMG_5710.jpg,0,31.26189722,34.80409722
region_2_IMG_6027.jpg,2,31.26208056,34.80284167
region_3_20260118_152742.jpg,3,31.26201380,34.80208120
region_0_IMG_5584.jpg,0,31.26219444,34.80413889
region_2_IMG_6072.jpg,2,31.26205556,34.80278889
region_2_IMG_6116.jpg,2,31.26205000,34.80250833
region_3_20260118_151503.jpg,3,31.26187260,34.80188870
region_3_20260117_151851.jpg,3,31.26180010,34.80165490
region_2_20260116_163633.jpg,2,31.26203410,34.80265540
region_1_IMG_20260111_155503.jpg,1,31.26208630,34.80353900
region_3_20260118_155329.jpg,3,31.26205620,34.80206950
region_3_20260118_151432.jpg,3,31.26178510,34.80186510
region_2_IMG_5850.jpg,2,31.26214167,34.80262778
region_2_20260116_163609.jpg,2,31.26196580,34.80267110
region_2_20260116_164409.jpg,2,31.26201710,34.80265730
region_2_20260116_163751.jpg,2,31.26193680,34.80270610
region_3_20260117_151228.jpg,3,31.26196670,34.80146840
region_4_20260117_144633.jpg,4,31.26223690,34.80113220
region_3_20260118_152647.jpg,3,31.26188350,34.80193890
region_4_20260117_145435.jpg,4,31.26219320,34.80125360
region_2_IMG_6057.jpg,2,31.26204444,34.80288333
region_4_20260117_143443.jpg,4,31.26192200,34.80137080
region_2_IMG_5956.jpg,2,31.26213611,34.80261111
region_4_20260117_150040.jpg,4,31.26201850,34.80141350
region_2_20260116_164054.jpg,2,31.26196950,34.80269670
region_2_IMG_5936.jpg,2,31.26215278,34.80281111
region_3_20260117_152318.jpg,3,31.26204760,34.80174950
region_2_20260116_162608.jpg,2,31.26202981,34.80274214
region_0_IMG_5415.jpg,0,31.26195833,34.80438333
region_4_20260117_150250.jpg,4,31.26225860,34.80138750
region_1_IMG_20260111_155524.jpg,1,31.26202440,34.80358890
region_3_20260118_154508.jpg,3,31.26168630,34.80208600
region_2_20260116_162651.jpg,2,31.26206410,34.80268850
region_2_20260116_164419.jpg,2,31.26201710,34.80265730
region_2_IMG_5938.jpg,2,31.26215000,34.80278889
region_4_20260117_145627.jpg,4,31.26204150,34.80127400
region_3_20260118_153113.jpg,3,31.26164510,34.80198780
region_2_IMG_5797.jpg,2,31.26223056,34.80284167
region_1_IMG_20260111_153245.jpg,1,31.26183250,34.80349150
region_0_IMG_5405.jpg,0,31.26183611,34.80439444
region_3_20260117_152145.jpg,3,31.26198340,34.80170840
region_4_20260117_144601.jpg,4,31.26202760,34.80112040
region_1_IMG_20260111_154614.jpg,1,31.26215540,34.80327690
region_2_IMG_6002.jpg,2,31.26210833,34.80263056
region_1_IMG_20260111_154112.jpg,1,31.26209970,34.80344140
region_1_IMG_20260111_154429.jpg,1,31.26212280,34.80358320
region_4_20260117_144951.jpg,4,31.26209300,34.80115550
region_3_20260117_151033.jpg,3,31.26199690,34.80144660
region_2_IMG_5961.jpg,2,31.26212222,34.80256667
region_1_IMG_20260111_154851.jpg,1,31.26212710,34.80355470
region_4_20260117_144446.jpg,4,31.26189850,34.80110310
region_4_20260117_150450.jpg,4,31.26210710,34.80144180
region_3_20260118_152732.jpg,3,31.26197410,34.80198430
region_2_IMG_5827.jpg,2,31.26216389,34.80259722
region_4_20260117_145533.jpg,4,31.26204230,34.80127040
region_2_IMG_6115.jpg,2,31.26205556,34.80250556
region_2_20260116_164335.jpg,2,31.26207160,34.80258820
region_4_20260117_143026.jpg,4,31.26180910,34.80128310
region_0_IMG_5532.jpg,0,31.26182500,34.80393611
region_4_20260117_150230.jpg,4,31.26229590,34.80142440
region_3_20260118_152231.jpg,3,31.26197260,34.80194030
region_0_IMG_5541.jpg,0,31.26175000,34.80369167
region_3_20260117_151358.jpg,3,31.26175690,34.80151040
region_2_20260116_163310.jpg,2,31.26207150,34.80265390
region_3_20260118_154357.jpg,3,31.26164020,34.80210950
region_4_20260117_141807.jpg,4,31.26171020,34.80097540
region_1_IMG_20260111_155650.jpg,1,31.26212290,34.80358770
region_4_20260117_145643.jpg,4,31.26211620,34.80126020
region_4_20260117_143909.jpg,4,31.26187160,34.80121680
region_2_20260116_162515.jpg,2,31.26202250,34.80279560
region_2_20260116_164423.jpg,2,31.26201716,34.80265732
region_4_20260117_145417.jpg,4,31.26224690,34.80128140
region_2_20260116_163631.jpg,2,31.26203410,34.80265540
region_4_20260117_144023.jpg,4,31.26196190,34.80129200
region_2_IMG_6062.jpg,2,31.26204167,34.80283611
region_3_20260117_151448.jpg,3,31.26163460,34.80151620
region_2_20260116_164236.jpg,2,31.26195710,34.80280300
region_2_20260116_162110.jpg,2,31.26201810,34.80277500
region_2_20260116_163536.jpg,2,31.26196586,34.80267115
region_4_20260117_150010.jpg,4,31.26199080,34.80136400
region_4_20260117_142153.jpg,4,31.26174770,34.80112610
region_2_IMG_5999.jpg,2,31.26211111,34.80263889
region_2_20260116_164149.jpg,2,31.26195710,34.80280300
region_3_20260118_152039.jpg,3,31.26175780,34.80191980
region_2_IMG_5971.jpg,2,31.26213889,34.80249444
region_4_20260117_150119.jpg,4,31.26202670,34.80138250
region_0_IMG_5510.jpg,0,31.26180000,34.80393889
region_3_20260118_155653.jpg,3,31.26170670,34.80218100
region_3_20260118_153050.jpg,3,31.26179400,34.80195880
region_2_IMG_6066.jpg,2,31.26205278,34.80280556
region_3_20260117_152550.jpg,3,31.26166110,34.80179690
region_3_20260118_151513.jpg,3,31.26190010,34.80184570
region_2_20260116_162530.jpg,2,31.26202250,34.80279560
region_1_IMG_20260111_153811.jpg,1,31.26187590,34.80325330
region_3_20260118_152216.jpg,3,31.26198080,34.80199300
region_1_IMG_20260111_153347.jpg,1,31.26187240,34.80348090
region_2_20260116_164309.jpg,2,31.26207160,34.80258820
region_0_IMG_5684.jpg,0,31.26211389,34.80421111
region_4_20260117_142041.jpg,4,31.26168660,34.80119530
region_3_20260117_151808.jpg,3,31.26184340,34.80161920
region_4_20260117_144719.jpg,4,31.26226200,34.80103600
region_2_IMG_5779.jpg,2,31.26215278,34.80288611
region_3_20260117_152648.jpg,3,31.26183470,34.80183220
region_3_20260118_151032.jpg,3,31.26189100,34.80181260
region_1_IMG_20260111_153447.jpg,1,31.26183730,34.80346530
region_4_20260117_142906.jpg,4,31.26178440,34.80122060
region_2_20260116_162532.jpg,2,31.26202250,34.80279560
region_2_20260116_164301.jpg,2,31.26207164,34.80258825
region_2_IMG_5926.jpg,2,31.26213889,34.80283611
region_3_20260118_153005.jpg,3,31.26189480,34.80202950
region_3_20260118_151225.jpg,3,31.26157770,34.80181560
region_3_20260118_151229.jpg,3,31.26161020,34.80182020
region_4_20260117_150109.jpg,4,31.26202670,34.80138250
region_4_20260117_145134.jpg,4,31.26210610,34.80114690
region_3_20260118_155441.jpg,3,31.26195510,34.80214590
region_4_20260117_144837.jpg,4,31.26235590,34.80103400
region_1_IMG_20260111_154444.jpg,1,31.26213440,34.80352400
region_3_20260117_152501.jpg,3,31.26166640,34.80176480
region_4_20260117_144548.jpg,4,31.26197420,34.80108560
region_1_IMG_20260111_155428.jpg,1,31.26209890,34.80360290
region_3_20260118_152248.jpg,3,31.26194380,34.80195540
region_3_20260118_153826.jpg,3,31.26233420,34.80208650
region_1_IMG_20260111_154127.jpg,1,31.26209970,34.80344140
region_3_20260118_155614.jpg,3,31.26170670,34.80218100
region_4_20260117_144752.jpg,4,31.26235590,34.80103400
region_0_IMG_5438.jpg,0,31.26228611,34.80438611
region_0_IMG_5750.jpg,0,31.26199444,34.80400000
region_1_IMG_20260111_154822.jpg,1,31.26212710,34.80355470
region_0_IMG_5609.jpg,0,31.26233889,34.80370000
region_3_20260118_153737.jpg,3,31.26223760,34.80192490
region_3_20260118_154935.jpg,3,31.26234720,34.80195730
region_4_20260117_142935.jpg,4,31.26179980,34.80134360
region_1_IMG_20260111_153408.jpg,1,31.26184810,34.80350050
region_3_20260117_152542.jpg,3,31.26163110,34.80183260
region_0_IMG_5411.jpg,0,31.26196111,34.80438333
region_2_IMG_5995.jpg,2,31.26210278,34.80259444
region_3_20260117_152148.jpg,3,31.26198340,34.80170840
region_4_20260117_142520.jpg,4,31.26176410,34.80096240
region_3_20260117_152658.jpg,3,31.26187420,34.80182320
region_3_20260118_155527.jpg,3,31.26180230,34.80129880
region_4_20260117_142838.jpg,4,31.26178440,34.80122060
region_2_20260116_162743.jpg,2,31.26202080,34.80263410
region_3_20260118_151636.jpg,3,31.26200750,34.80193030
region_3_20260118_152530.jpg,3,31.26171960,34.80202150
region_4_20260117_150843.jpg,4,31.26232650,34.80157850
region_3_20260118_154019.jpg,3,31.26222890,34.80201420
region_1_IMG_20260111_154759.jpg,1,31.26213830,34.80342710
region_4_20260117_144650.jpg,4,31.26214720,34.80101900
region_3_20260118_152617.jpg,3,31.26178650,34.80195700
region_2_20260116_164057.jpg,2,31.26196950,34.80269670
region_4_20260117_143125.jpg,4,31.26183430,34.80127950
region_3_20260118_152838.jpg,3,31.26204400,34.80210620
region_3_20260118_153802.jpg,3,31.26233420,34.80208650
region_4_20260117_142016.jpg,4,31.26168660,34.80119530
region_2_IMG_5859.jpg,2,31.26217222,34.80266944
region_4_20260117_144419.jpg,4,31.26189850,34.80110310
region_3_20260117_152650.jpg,3,31.26183470,34.80183220
region_0_IMG_5488.jpg,0,31.26184167,34.80429722
region_0_IMG_5533.jpg,0,31.26181111,34.80392778
region_3_20260118_152519.jpg,3,31.26171960,34.80202150
region_1_IMG_20260111_153807.jpg,1,31.26187590,34.80325330
region_3_20260117_151915.jpg,3,31.26162770,34.80163310
region_0_IMG_5514.jpg,0,31.26183056,34.80395556
region_3_20260117_152047.jpg,3,31.26174930,34.80165450
region_0_IMG_5636.jpg,0,31.26196944,34.80425278
region_2_20260116_163713.jpg,2,31.26203410,34.80265540
region_4_20260117_150739.jpg,4,31.26223710,34.80147220
region_1_IMG_20260111_154612.jpg,1,31.26215540,34.80327690
region_1_IMG_20260111_154306.jpg,1,31.26212320,34.80331350
region_4_20260117_150533.jpg,4,31.26206330,34.80144610
region_4_20260117_150314.jpg,4,31.26225860,34.80138750
region_3_20260118_153517.jpg,3,31.26203740,34.80205100
region_2_IMG_6084.jpg,2,31.26205000,34.80270833
region_2_20260116_163801.jpg,2,31.26193680,34.80270610
region_2_20260116_164119.jpg,2,31.26196950,34.80269670
region_4_20260117_150656.jpg,4,31.26223290,34.80143270
region_4_20260117_150345.jpg,4,31.26215730,34.80138530
region_3_20260118_152108.jpg,3,31.26190320,34.80194420
region_2_20260116_162727.jpg,2,31.26206410,34.80268850
region_0_IMG_5709.jpg,0,31.26194722,34.80409722
region_2_IMG_6001.jpg,2,31.26210556,34.80263611
region_4_20260117_143958.jpg,4,31.26187160,34.80121680
region_3_20260118_154302.jpg,3,31.26179600,34.80202950
region_4_20260117_144007.jpg,4,31.26196190,34.80129200
region_3_20260118_151839.jpg,3,31.26163610,34.80189310
region_2_20260116_164520.jpg,2,31.26201690,34.80271740
region_1_IMG_20260111_153536.jpg,1,31.26215590,34.80354850
region_1_IMG_20260111_153724.jpg,1,31.26188040,34.80322740
region_2_20260116_164121.jpg,2,31.26196950,34.80269670
region_0_IMG_5450.jpg,0,31.26234444,34.80431389
region_4_20260117_144555.jpg,4,31.26200170,34.80109940
region_3_20260118_151011.jpg,3,31.26208650,34.80183370
region_3_20260118_152525.jpg,3,31.26171960,34.80202150
region_0_IMG_5693.jpg,0,31.26206111,34.80423611
region_1_IMG_20260111_153502.jpg,1,31.26194240,34.80352940
region_1_IMG_20260111_155516.jpg,1,31.26202440,34.80358890
region_2_20260116_162429.jpg,2,31.26208870,34.80267340
region_2_20260116_162420.jpg,2,31.26208870,34.80267340
region_3_20260117_151119.jpg,3,31.26183490,34.80142270
region_3_20260118_154200.jpg,3,31.26195290,34.80203100
region_3_20260118_151611.jpg,3,31.26204450,34.80178430
region_2_IMG_6025.jpg,2,31.26207778,34.80279444
region_4_20260117_145959.jpg,4,31.26198500,34.80136900
region_2_IMG_5805.jpg,2,31.26222778,34.80277500
region_1_IMG_20260111_155132.jpg,1,31.26204810,34.80354570
region_3_20260117_152332.jpg,3,31.26204760,34.80174950
region_3_20260118_153111.jpg,3,31.26168460,34.80200190
region_0_IMG_5420.jpg,0,31.26209722,34.80433611
region_2_20260116_163709.jpg,2,31.26203410,34.80265540
region_2_IMG_5822.jpg,2,31.26221389,34.80262500
region_1_IMG_20260111_153539.jpg,1,31.26215590,34.80354850
region_3_20260118_153746.jpg,3,31.26223760,34.80192490
region_4_20260117_142726.jpg,4,31.26182330,34.80100010
region_0_IMG_5604.jpg,0,31.26223333,34.80381111
region_4_20260117_150316.jpg,4,31.26225860,34.80138750
region_4_20260117_150058.jpg,4,31.26202670,34.80138250
region_2_IMG_5987.jpg,2,31.26211944,34.80253889
region_2_20260116_162200.jpg,2,31.26200710,34.80259538
region_3_20260118_153155.jpg,3,31.26163510,34.80204560
region_0_IMG_5435.jpg,0,31.26226389,34.80432222
region_3_20260118_154959.jpg,3,31.26240370,34.80208730
region_4_20260117_145320.jpg,4,31.26231120,34.80121000
region_3_20260117_151201.jpg,3,31.26187270,34.80148020
region_2_20260116_162534.jpg,2,31.26202250,34.80279560
region_2_IMG_5982.jpg,2,31.26211944,34.80251944
region_3_20260118_151342.jpg,3,31.26173050,34.80191940
region_2_20260116_163056.jpg,2,31.26194200,34.80262940
region_3_20260117_151832.jpg,3,31.26180010,34.80165490
region_0_IMG_5734.jpg,0,31.26196944,34.80401111
region_1_IMG_20260111_155008.jpg,1,31.26213290,34.80357890
region_2_20260116_164757.jpg,2,31.26199900,34.80277350
region_4_20260117_145704.jpg,4,31.26222560,34.80134420
region_4_20260117_145415.jpg,4,31.26224690,34.80128140
region_4_20260117_145421.jpg,4,31.26224690,34.80128140
region_3_20260117_151554.jpg,3,31.26165380,34.80152660
region_3_20260118_152423.jpg,3,31.26168520,34.80195250
region_2_20260116_163658.jpg,2,31.26203410,34.80265540
region_2_20260116_163148.jpg,2,31.26194850,34.80272340
region_4_20260117_143816.jpg,4,31.26192220,34.80123530
region_2_IMG_6035.jpg,2,31.26210278,34.80290278
region_1_IMG_20260111_155216.jpg,1,31.26213260,34.80358380
region_4_20260117_150859.jpg,4,31.26232650,34.80157850
region_0_IMG_5484.jpg,0,31.26201111,34.80428611
region_3_20260118_152413.jpg,3,31.26182370,34.80203500
region_1_IMG_20260111_155044.jpg,1,31.26208010,34.80349480
region_0_IMG_5699.jpg,0,31.26205556,34.80406944
region_3_20260117_151324.jpg,3,31.26175690,34.80151040
region_3_20260118_153924.jpg,3,31.26228190,34.80206940
region_4_20260117_150012.jpg,4,31.26192700,34.80135460
region_3_20260118_151854.jpg,3,31.26189980,34.80201550
region_4_20260117_141708.jpg,4,31.26171920,34.80085850
region_1_IMG_20260111_155158.jpg,1,31.26211560,34.80342400
region_0_IMG_5590.jpg,0,31.26218889,34.80411667
region_2_IMG_5775.jpg,2,31.26220000,34.80314167
region_4_20260117_145341.jpg,4,31.26231610,34.80119710
region_2_20260116_164609.jpg,2,31.26197360,34.80250880
region_2_IMG_6080.jpg,2,31.26204444,34.80273333
region_2_20260116_162919.jpg,2,31.26202460,34.80248290
region_1_IMG_20260111_154320.jpg,1,31.26207250,34.80351040
region_4_20260117_144639.jpg,4,31.26213810,34.80106650
region_2_20260116_163206.jpg,2,31.26193400,34.80267360
region_3_20260118_154546.jpg,3,31.26179910,34.80209850
region_0_IMG_5619.jpg,0,31.26205556,34.80424167
region_1_IMG_20260111_155638.jpg,1,31.26197320,34.80346790
region_2_20260116_164430.jpg,2,31.26201710,34.80265730
region_3_20260118_155729.jpg,3,31.26193346,34.80204963
region_3_20260117_151623.jpg,3,31.26192850,34.80151890
region_3_20260118_154802.jpg,3,31.26203090,34.80199400
region_3_20260118_154822.jpg,3,31.26203090,34.80199400
region_3_20260118_152005.jpg,3,31.26163180,34.80190020
region_1_IMG_20260111_154316.jpg,1,31.26207250,34.80351040
region_3_20260118_155011.jpg,3,31.26237480,34.80214260
region_3_20260118_153527.jpg,3,31.26203740,34.80205100
region_3_20260118_152538.jpg,3,31.26171960,34.80202150
region_2_20260116_162746.jpg,2,31.26202080,34.80263410
region_4_20260117_143221.jpg,4,31.26185410,34.80118840
region_1_IMG_20260111_154203.jpg,1,31.26214670,34.80357060
region_1_IMG_20260111_153634.jpg,1,31.26185630,34.80347770
region_2_20260116_164243.jpg,2,31.26185180,34.80298630
region_3_20260118_151647.jpg,3,31.26195510,34.80188290
region_2_20260116_162153.jpg,2,31.26200410,34.80267330
region_3_20260117_151230.jpg,3,31.26196670,34.80146840
region_4_20260117_141706.jpg,4,31.26171920,34.80085850
region_4_20260117_145901.jpg,4,31.26221360,34.80133200
region_1_IMG_20260111_154535.jpg,1,31.26213430,34.80335810
region_2_20260116_162234.jpg,2,31.26200700,34.80259530
region_3_20260118_154526.jpg,3,31.26182030,34.80230410
region_4_20260117_141912.jpg,4,31.26168430,34.80103180
region_4_20260117_145342.jpg,4,31.26231610,34.80119710
region_1_IMG_20260111_155530.jpg,1,31.26209560,34.80356560
region_2_20260116_163119.jpg,2,31.26202070,34.80272600
region_2_20260116_163847.jpg,2,31.26200460,34.80271900
region_2_20260116_163530.jpg,2,31.26198460,34.80261090
region_1_IMG_20260111_155155.jpg,1,31.26211560,34.80342400
region_0_IMG_5645.jpg,0,31.26189167,34.80426111
region_2_20260116_163724.jpg,2,31.26203410,34.80265540
region_2_20260116_162509.jpg,2,31.26202250,34.80279560
region_2_IMG_5794.jpg,2,31.26223056,34.80286389
region_4_20260117_145026.jpg,4,31.26194680,34.80119510
region_2_20260116_163826.jpg,2,31.26193680,34.80270610
region_3_20260118_154911.jpg,3,31.26206770,34.80205510
region_3_20260118_151823.jpg,3,31.26170120,34.80190440
region_0_IMG_5565.jpg,0,31.26214167,34.80393889
region_0_IMG_5654.jpg,0,31.26186944,34.80421111
region_2_20260116_163127.jpg,2,31.26202070,34.80272600
region_2_IMG_5906.jpg,2,31.26215278,34.80299722
region_1_IMG_20260111_155727.jpg,1,31.26210120,34.80357390
region_3_20260118_151850.jpg,3,31.26166930,34.80193420
region_2_IMG_5937.jpg,2,31.26215556,34.80280556
region_1_IMG_20260111_153927.jpg,1,31.26209770,34.80335200
region_2_20260116_164650.jpg,2,31.26197550,34.80265080
region_3_20260118_151235.jpg,3,31.26161020,34.80182020
region_4_20260117_145031.jpg,4,31.26195470,34.80118420
region_2_20260116_164721.jpg,2,31.26197550,34.80265080
region_3_20260118_151908.jpg,3,31.26184210,34.80186050
region_1_IMG_20260111_155729.jpg,1,31.26210120,34.80357390
region_3_20260117_152503.jpg,3,31.26166640,34.80176480
region_2_IMG_6058.jpg,2,31.26204167,34.80286389
region_1_IMG_20260111_154921.jpg,1,31.26212710,34.80355470
region_1_IMG_20260111_154811.jpg,1,31.26212710,34.80355470
region_0_IMG_5521.jpg,0,31.26182778,34.80394444
region_3_20260118_153541.jpg,3,31.26203740,34.80205100
region_1_IMG_20260111_155211.jpg,1,31.26213260,34.80358380
region_0_IMG_5568.jpg,0,31.26214167,34.80393889
region_4_20260117_143238.jpg,4,31.26185410,34.80118840
region_3_20260118_154629.jpg,3,31.26189940,34.80198760
region_2_IMG_5909.jpg,2,31.26216944,34.80300833
region_4_20260117_145000.jpg,4,31.26200240,34.80121320
region_3_20260118_154540.jpg,3,31.26179910,34.80209850
region_0_IMG_5640.jpg,0,31.26190278,34.80426389
region_4_20260117_144403.jpg,4,31.26189850,34.80110310
region_4_20260117_145334.jpg,4,31.26231610,34.80119710
region_1_IMG_20260111_154656.jpg,1,31.26212000,34.80356000
region_1_IMG_20260111_153621.jpg,1,31.26204290,34.80350810
region_2_20260116_164110.jpg,2,31.26196950,34.80269670
region_1_IMG_20260111_154326.jpg,1,31.26207250,34.80351040
region_3_20260117_152726.jpg,3,31.26195910,34.80183680
region_4_20260117_145308.jpg,4,31.26226070,34.80120170
region_4_20260117_150352.jpg,4,31.26215730,34.80138530
region_2_20260116_163716.jpg,2,31.26203413,34.80265547
region_4_20260117_143434.jpg,4,31.26192200,34.80137080
region_3_20260118_152529.jpg,3,31.26171960,34.80202150
region_2_IMG_6100.jpg,2,31.26205278,34.80260833
region_3_20260117_151827.jpg,3,31.26180010,34.80165490
region_4_20260117_150439.jpg,4,31.26210710,34.80144180
region_2_IMG_6111.jpg,2,31.26205000,34.80253333
region_3_20260118_153718.jpg,3,31.26223760,34.80192490
region_2_IMG_5935.jpg,2,31.26215000,34.80281111
region_4_20260117_144959.jpg,4,31.26200450,34.80107110
region_2_20260116_164701.jpg,2,31.26197550,34.80265080
region_2_IMG_5977.jpg,2,31.26212778,34.80248333
region_3_20260117_151952.jpg,3,31.26166450,34.80174570
region_4_20260117_144654.jpg,4,31.26223540,34.80109320
region_4_20260117_141732.jpg,4,31.26171920,34.80085850
region_2_IMG_5893.jpg,2,31.26214722,34.80288611
region_0_IMG_5703.jpg,0,31.26206111,34.80406667
region_0_IMG_5455.jpg,0,31.26235556,34.80432778
region_3_20260118_154933.jpg,3,31.26234720,34.80195730
region_3_20260117_151428.jpg,3,31.26163460,34.80151620
region_1_IMG_20260111_155802.jpg,1,31.26211450,34.80355010
region_2_IMG_5949.jpg,2,31.26212500,34.80263889
region_3_20260117_151232.jpg,3,31.26196670,34.80146840
region_3_20260117_151606.jpg,3,31.26165380,34.80152660
region_0_IMG_5460.jpg,0,31.26228611,34.80432778
region_2_20260116_162811.jpg,2,31.26202080,34.80263410
region_3_20260118_153129.jpg,3,31.26165670,34.80202390
region_4_20260117_142723.jpg,4,31.26182330,34.80100010
region_0_IMG_5716.jpg,0,31.26195833,34.80408889
region_2_20260116_163644.jpg,2,31.26203410,34.80265540
region_3_20260118_154837.jpg,3,31.26216630,34.80196670
region_2_20260116_162444.jpg,2,31.26208870,34.80267340
region_0_IMG_5542.jpg,0,31.26176111,34.80363333
region_4_20260117_150830.jpg,4,31.26232650,34.80157850
region_3_20260118_152914.jpg,3,31.26189480,34.80202950
region_2_20260116_162751.jpg,2,31.26202080,34.80263410
region_3_20260118_151727.jpg,3,31.26186640,34.80188280
region_2_IMG_5998.jpg,2,31.26211111,34.80263056
region_2_20260116_162917.jpg,2,31.26202460,34.80248290
region_2_IMG_5952.jpg,2,31.26212222,34.80263611
region_4_20260117_141810.jpg,4,31.26171020,34.80097540
region_0_IMG_5730.jpg,0,31.26186389,34.80401667
region_2_20260116_162654.jpg,2,31.26206410,34.80268850
region_4_20260117_143219.jpg,4,31.26185410,34.80118840
region_1_IMG_20260111_155035.jpg,1,31.26210140,34.80359590
region_2_IMG_5903.jpg,2,31.26216111,34.80297500
region_2_IMG_6016.jpg,2,31.26209167,34.80275833
region_4_20260117_145213.jpg,4,31.26223300,34.80117980
region_3_20260118_151426.jpg,3,31.26174510,34.80184430
region_1_IMG_20260111_155223.jpg,1,31.26213260,34.80358380
region_1_IMG_20260111_154835.jpg,1,31.26212710,34.80355470
region_3_20260118_155529.jpg,3,31.26180230,34.80129880
region_3_20260118_153501.jpg,3,31.26203740,34.80205100
region_3_20260118_151649.jpg,3,31.26196150,34.80194280
region_2_IMG_5967.jpg,2,31.26211944,34.80253611
region_2_20260116_162644.jpg,2,31.26206410,34.80268850
region_0_IMG_5558.jpg,0,31.26198056,34.80394444
region_4_20260117_141854.jpg,4,31.26168430,34.80103180
region_2_20260116_163726.jpg,2,31.26203410,34.80265540
region_4_20260117_144520.jpg,4,31.26197420,34.80108560
region_3_20260117_152421.jpg,3,31.26178160,34.80176260
region_3_20260118_154021.jpg,3,31.26222890,34.80201420
region_4_20260117_142125.jpg,4,31.26171800,34.80130830
region_3_20260117_151353.jpg,3,31.26175690,34.80151040
region_4_20260117_145908.jpg,4,31.26221360,34.80133200
region_2_IMG_5923.jpg,2,31.26214722,34.80286667
region_2_20260116_162336.jpg,2,31.26202060,34.80275690
region_4_20260117_145942.jpg,4,31.26210770,34.80133980
region_2_IMG_5781.jpg,2,31.26189167,34.80461389
region_0_IMG_5643.jpg,0,31.26189444,34.80425556
region_2_IMG_6044.jpg,2,31.26208056,34.80294167
region_3_20260118_155619.jpg,3,31.26170670,34.80218100
region_2_20260116_164554.jpg,2,31.26197360,34.80250880
region_2_20260116_164359.jpg,2,31.26201716,34.80265732
region_4_20260117_150023.jpg,4,31.26197880,34.80132920
region_1_IMG_20260111_153334.jpg,1,31.26187240,34.80348090
region_0_IMG_5463.jpg,0,31.26214167,34.80427500
region_3_20260118_154036.jpg,3,31.26222890,34.80201420
region_4_20260117_143416.jpg,4,31.26192200,34.80137080
region_4_20260117_141650.jpg,4,31.26174480,34.80083880
region_3_20260117_152244.jpg,3,31.26207040,34.80169540
region_2_20260116_164527.jpg,2,31.26201690,34.80271740
region_3_20260118_151410.jpg,3,31.26171750,34.80187960
region_4_20260117_144147.jpg,4,31.26200630,34.80130300
region_0_IMG_5474.jpg,0,31.26201389,34.80428611
region_3_20260118_151835.jpg,3,31.26169680,34.80189790
region_2_IMG_5934.jpg,2,31.26214722,34.80278056
region_1_IMG_20260111_153454.jpg,1,31.26194240,34.80352940
region_1_IMG_20260111_154830.jpg,1,31.26212710,34.80355470
region_0_IMG_5464.jpg,0,31.26214167,34.80427500
region_4_20260117_144359.jpg,4,31.26188130,34.80088980
region_3_20260117_152623.jpg,3,31.26174740,34.80183020
region_4_20260117_145259.jpg,4,31.26223910,34.80117390
region_3_20260118_152918.jpg,3,31.26189480,34.80202950
region_3_20260118_154723.jpg,3,31.26198720,34.80206130
region_2_20260116_163110.jpg,2,31.26198636,34.80271205
region_0_IMG_5747.jpg,0,31.26200833,34.80400833
region_3_20260118_151110.jpg,3,31.26184670,34.80177750
region_2_20260116_164048.jpg,2,31.26196950,34.80269670
region_3_20260118_151439.jpg,3,31.26180350,34.80183600
region_0_IMG_5479.jpg,0,31.26201944,34.80429722
region_0_IMG_5662.jpg,0,31.26190556,34.80416944
region_1_IMG_20260111_155403.jpg,1,31.26204900,34.80349900
region_4_20260117_143142.jpg,4,31.26183820,34.80124970
region_3_20260118_152514.jpg,3,31.26171960,34.80202150
region_2_IMG_6042.jpg,2,31.26208611,34.80292222
region_3_20260118_152459.jpg,3,31.26179160,34.80195880
region_4_20260117_143024.jpg,4,31.26185130,34.80130280
region_2_IMG_5916.jpg,2,31.26213056,34.80287500
region_1_IMG_20260111_154224.jpg,1,31.26216970,34.80342690
region_1_IMG_20260111_155845.jpg,1,31.26192970,34.80350600
region_2_20260116_162211.jpg,2,31.26200700,34.80259530
region_3_20260118_151434.jpg,3,31.26176920,34.80185230
region_4_20260117_142113.jpg,4,31.26171800,34.80130830
region_2_20260116_162236.jpg,2,31.26200700,34.80259530
region_3_20260118_154424.jpg,3,31.26168680,34.80213210
region_2_20260116_164144.jpg,2,31.26198670,34.80281270
region_3_20260118_153520.jpg,3,31.26203740,34.80205100
region_3_20260118_152320.jpg,3,31.26186550,34.80192260
region_2_20260116_164035.jpg,2,31.26195940,34.80263410
region_3_20260117_151829.jpg,3,31.26180010,34.80165490
region_0_IMG_5527.jpg,0,31.26183611,34.80394444
region_1_IMG_20260111_155725.jpg,1,31.26210120,34.80357390
region_4_20260117_143926.jpg,4,31.26187160,34.80121680
region_0_IMG_5564.jpg,0,31.26198056,34.80396667
region_4_20260117_150756.jpg,4,31.26223710,34.80147220
region_2_20260116_162559.jpg,2,31.26202980,34.80274210
region_3_20260118_154255.jpg,3,31.26181670,34.80213830
region_1_IMG_20260111_154036.jpg,1,31.26210760,34.80331520
region_1_IMG_20260111_155625.jpg,1,31.26197320,34.80346790
region_0_IMG_5391.jpg,0,31.26166667,34.80434722
region_3_20260118_151310.jpg,3,31.26177880,34.80181080
region_3_20260118_151959.jpg,3,31.26163180,34.80190020
region_0_IMG_5683.jpg,0,31.26211667,34.80421389
region_3_20260118_154811.jpg,3,31.26203090,34.80199400
region_4_20260117_142030.jpg,4,31.26168660,34.80119530
region_2_20260116_163701.jpg,2,31.26203410,34.80265540
region_0_IMG_5422.jpg,0,31.26210000,34.80433611
region_2_20260116_163909.jpg,2,31.26200460,34.80271900
region_4_20260117_144949.jpg,4,31.26209300,34.80115550
region_2_IMG_5862.jpg,2,31.26217778,34.80267778
region_4_20260117_145248.jpg,4,31.26219870,34.80118590
region_2_20260116_163020.jpg,2,31.26194280,34.80252360
region_2_IMG_6071.jpg,2,31.26205556,34.80278333
region_1_IMG_20260111_153939.jpg,1,31.26184370,34.80322560
region_0_IMG_5486.jpg,0,31.26183889,34.80428611
region_4_20260117_144735.jpg,4,31.26231030,34.80101450
region_1_IMG_20260111_154927.jpg,1,31.26212710,34.80355470
region_2_IMG_5792.jpg,2,31.26224722,34.80289444
region_4_20260117_143114.jpg,4,31.26183680,34.80118780
region_3_20260118_151037.jpg,3,31.26189100,34.80181260
region_3_20260117_151102.jpg,3,31.26199690,34.80144660
region_2_IMG_5774.jpg,2,31.26219167,34.80312222
region_4_20260117_141715.jpg,4,31.26171920,34.80085850
region_3_20260118_152143.jpg,3,31.26195070,34.80193160
region_4_20260117_150437.jpg,4,31.26210710,34.80144180
region_2_IMG_5946.jpg,2,31.26212500,34.80269167
region_2_IMG_5996.jpg,2,31.26210278,34.80259444
region_4_20260117_144609.jpg,4,31.26207060,34.80112910
region_4_20260117_145357.jpg,4,31.26229770,34.80123290
region_3_20260117_151815.jpg,3,31.26179370,34.80160920
region_2_IMG_5783.jpg,2,31.26227778,34.80334722
region_4_20260117_150617.jpg,4,31.26223290,34.80143270
region_2_20260116_163157.jpg,2,31.26194432,34.80280266
region_3_20260117_152343.jpg,3,31.26204760,34.80174950
region_0_IMG_5467.jpg,0,31.26214167,34.80429167
region_4_20260117_142746.jpg,4,31.26182330,34.80100010
region_4_20260117_150306.jpg,4,31.26225860,34.80138750
region_1_IMG_20260111_155424.jpg,1,31.26210000,34.80359340
region_3_20260117_152404.jpg,3,31.26204760,34.80174950
region_4_20260117_143256.jpg,4,31.26188880,34.80131310
region_4_20260117_145136.jpg,4,31.26210610,34.80114690
region_3_20260117_151009.jpg,3,31.26203090,34.80143670
region_2_20260116_162055.jpg,2,31.26198090,34.80278340
region_2_IMG_6053.jpg,2,31.26204444,34.80289444
region_2_20260116_162205.jpg,2,31.26200700,34.80259530
region_1_IMG_20260111_153920.jpg,1,31.26209770,34.80335200
region_1_IMG_20260111_155847.jpg,1,31.26192970,34.80350600
region_4_20260117_144009.jpg,4,31.26196190,34.80129200
region_2_20260116_162312.jpg,2,31.26202060,34.80275690
region_0_IMG_5498.jpg,0,31.26179167,34.80411111
region_3_20260117_152408.jpg,3,31.26178560,34.80174680
region_0_IMG_5443.jpg,0,31.26231111,34.80440556
region_2_IMG_5953.jpg,2,31.26215278,34.80260000
region_2_20260116_162940.jpg,2,31.26194570,34.80253900
region_1_IMG_20260111_153747.jpg,1,31.26198050,34.80351360
region_2_IMG_6076.jpg,2,31.26205278,34.80276111
region_4_20260117_150753.jpg,4,31.26223710,34.80147220
region_0_IMG_5690.jpg,0,31.26208333,34.80421944
region_3_20260117_151804.jpg,3,31.26183840,34.80161400
region_3_20260118_152527.jpg,3,31.26171960,34.80202150
region_3_20260118_153522.jpg,3,31.26203740,34.80205100
region_3_20260118_152121.jpg,3,31.26191380,34.80197050
region_4_20260117_143805.jpg,4,31.26192220,34.80123530
region_3_20260118_152110.jpg,3,31.26184240,34.80193220
region_3_20260118_155610.jpg,3,31.26170670,34.80218100
region_2_20260116_163703.jpg,2,31.26203410,34.80265540
region_2_IMG_5948.jpg,2,31.26212778,34.80265000
region_2_IMG_5895.jpg,2,31.26215556,34.80291667
region_4_20260117_150025.jpg,4,31.26199950,34.80137350
region_3_20260118_154352.jpg,3,31.26166440,34.80211220
region_0_IMG_5495.jpg,0,31.26183611,34.80429167
region_3_20260118_153941.jpg,3,31.26228190,34.80206940
region_4_20260117_145519.jpg,4,31.26214970,34.80124520
region_4_20260117_150712.jpg,4,31.26223290,34.80143270
region_3_20260118_152204.jpg,3,31.26201460,34.80192880
region_0_IMG_5720.jpg,0,31.26200556,34.80396389
region_2_20260116_162610.jpg,2,31.26202980,34.80274210
region_2_20260116_163818.jpg,2,31.26193686,34.80270619
region_3_20260118_154805.jpg,3,31.26203090,34.80199400
region_3_20260118_154412.jpg,3,31.26163760,34.80211170
region_1_IMG_20260111_154637.jpg,1,31.26212600,34.80337040
region_2_IMG_5910.jpg,2,31.26220833,34.80301667
region_4_20260117_142043.jpg,4,31.26168660,34.80119530
region_4_20260117_144822.jpg,4,31.26235590,34.80103400
region_1_IMG_20260111_155809.jpg,1,31.26205980,34.80356490
region_2_IMG_5954.jpg,2,31.26215556,34.80260556
region_4_20260117_144202.jpg,4,31.26200630,34.80130300
region_4_20260117_143418.jpg,4,31.26192200,34.80137080
region_3_20260118_154146.jpg,3,31.26195290,34.80203100
region_3_20260118_152613.jpg,3,31.26178650,34.80195700
region_1_IMG_20260111_153912.jpg,1,31.26209770,34.80335200
region_2_IMG_6007.jpg,2,31.26209167,34.80269722
region_1_IMG_20260111_154654.jpg,1,31.26212000,34.80356000
region_3_20260118_153743.jpg,3,31.26223760,34.80192490
region_2_20260116_162847.jpg,2,31.26202460,34.80248290
region_1_IMG_20260111_153933.jpg,1,31.26184370,34.80322560
region_1_IMG_20260111_155750.jpg,1,31.26211450,34.80355010
region_4_20260117_150111.jpg,4,31.26202670,34.80138250
region_0_IMG_5478.jpg,0,31.26201389,34.80429444
region_3_20260118_151227.jpg,3,31.26161020,34.80182020
region_0_IMG_5728.jpg,0,31.26190833,34.80403056
region_2_IMG_5928.jpg,2,31.26215833,34.80283611
region_3_20260118_152048.jpg,3,31.26185940,34.80194720
region_3_20260118_153720.jpg,3,31.26223760,34.80192490
region_0_IMG_5704.jpg,0,31.26206111,34.80408889
region_2_IMG_5941.jpg,2,31.26213611,34.80272778
region_4_20260117_142032.jpg,4,31.26168660,34.80119530
region_0_IMG_5657.jpg,0,31.26185278,34.80422222
region_2_IMG_5979.jpg,2,31.26212222,34.80249722
region_1_IMG_20260111_155434.jpg,1,31.26209890,34.80360290
region_2_IMG_5908.jpg,2,31.26216389,34.80300833
region_4_20260117_143010.jpg,4,31.26179980,34.80134360
region_4_20260117_150154.jpg,4,31.26222290,34.80138570
region_2_IMG_5913.jpg,2,31.26223056,34.80301944
region_4_20260117_144932.jpg,4,31.26215470,34.80109300
region_3_20260118_151616.jpg,3,31.26198620,34.80185360
region_4_20260117_143245.jpg,4,31.26185410,34.80118840
region_4_20260117_141658.jpg,4,31.26171920,34.80085850
region_3_20260118_151517.jpg,3,31.26187830,34.80187840
region_2_IMG_6109.jpg,2,31.26204444,34.80252778
region_1_IMG_20260111_153341.jpg,1,31.26187240,34.80348090
region_4_20260117_150253.jpg,4,31.26225860,34.80138750
region_1_IMG_20260111_155508.jpg,1,31.26202440,34.80358890
region_4_20260117_144049.jpg,4,31.26197800,34.80142360
region_2_IMG_6094.jpg,2,31.26205000,34.80262778
region_3_20260118_155539.jpg,3,31.26188340,34.80218500
region_3_20260117_152322.jpg,3,31.26204760,34.80174950
region_0_IMG_5426.jpg,0,31.26206944,34.80438333
region_2_IMG_5976.jpg,2,31.26212778,34.80248889
region_2_20260116_163614.jpg,2,31.26196580,34.80267110
region_4_20260117_145433.jpg,4,31.26217750,34.80125100
region_4_20260117_144703.jpg,4,31.26224710,34.80105300
region_0_IMG_5580.jpg,0,31.26209722,34.80401667
region_4_20260117_145706.jpg,4,31.26223530,34.80132900
region_0_IMG_5650.jpg,0,31.26187222,34.80419444
region_4_20260117_141753.jpg,4,31.26171020,34.80097540
region_3_20260117_151708.jpg,3,31.26199570,34.80159850
region_2_20260116_162106.jpg,2,31.26201810,34.80277500
region_3_20260118_154312.jpg,3,31.26179600,34.80202950
region_4_20260117_144804.jpg,4,31.26235590,34.80103400
region_4_20260117_150407.jpg,4,31.26209150,34.80142890
region_2_20260116_164551.jpg,2,31.26197360,34.80250880
region_2_IMG_6079.jpg,2,31.26205000,34.80273333
region_2_20260116_162245.jpg,2,31.26200700,34.80259530
region_2_IMG_5835.jpg,2,31.26217500,34.80251667
region_2_IMG_5911.jpg,2,31.26220833,34.80301389
region_1_IMG_20260111_155605.jpg,1,31.26211520,34.80358480
region_0_IMG_5678.jpg,0,31.26201111,34.80414167
region_2_20260116_164434.jpg,2,31.26201716,34.80265732
region_0_IMG_5555.jpg,0,31.26198889,34.80394444
region_4_20260117_150525.jpg,4,31.26206330,34.80144610
region_3_20260118_153539.jpg,3,31.26203740,34.80205100
region_2_20260116_164645.jpg,2,31.26197550,34.80265080
region_3_20260117_151013.jpg,3,31.26199690,34.80144660
region_1_IMG_20260111_154210.jpg,1,31.26214670,34.80357060
region_1_IMG_20260111_154649.jpg,1,31.26212600,34.80337040
region_4_20260117_143144.jpg,4,31.26183820,34.80124970
region_3_20260118_154543.jpg,3,31.26179910,34.80209850
region_0_IMG_5582.jpg,0,31.26217222,34.80415833
region_3_20260117_151129.jpg,3,31.26178620,34.80148070
region_3_20260118_152337.jpg,3,31.26186550,34.80192260
region_1_IMG_20260111_155421.jpg,1,31.26210000,34.80359340
region_2_IMG_5817.jpg,2,31.26221667,34.80264167
region_3_20260118_154149.jpg,3,31.26195290,34.80203100
region_3_20260118_154627.jpg,3,31.26189590,34.80201040
region_2_20260116_164607.jpg,2,31.26197360,34.80250880
region_1_IMG_20260111_155441.jpg,1,31.26209890,34.80360290
region_2_20260116_162500.jpg,2,31.26208870,34.80267340
region_2_20260116_162214.jpg,2,31.26200700,34.80259530
region_1_IMG_20260111_154641.jpg,1,31.26212600,34.80337040
region_4_20260117_144636.jpg,4,31.26224360,34.80110830
region_1_IMG_20260111_155747.jpg,1,31.26211450,34.80355010
region_0_IMG_5714.jpg,0,31.26192778,34.80407778
region_3_20260118_151934.jpg,3,31.26165640,34.80194660
region_2_20260116_163749.jpg,2,31.26193680,34.80270610
region_3_20260117_151100.jpg,3,31.26199690,34.80144660
region_4_20260117_150138.jpg,4,31.26222290,34.80138570
region_4_20260117_142001.jpg,4,31.26178720,34.80144010
region_1_IMG_20260111_154130.jpg,1,31.26209970,34.80344140
region_3_20260118_151336.jpg,3,31.26162340,34.80185200
region_0_IMG_5742.jpg,0,31.26197778,34.80401667
region_3_20260118_154350.jpg,3,31.26166440,34.80211220
region_3_20260118_152717.jpg,3,31.26194080,34.80198070
region_0_IMG_5561.jpg,0,31.26197778,34.80395000
region_1_IMG_20260111_155521.jpg,1,31.26202440,34.80358890
region_3_20260118_152627.jpg,3,31.26178650,34.80195700
region_2_20260116_162938.jpg,2,31.26185310,34.80255320
region_0_IMG_5515.jpg,0,31.26182222,34.80395556
region_4_20260117_143900.jpg,4,31.26189930,34.80122210
region_2_20260116_163511.jpg,2,31.26199680,34.80276550
region_4_20260117_145230.jpg,4,31.26217470,34.80121500
region_4_20260117_144127.jpg,4,31.26200630,34.80130300
region_3_20260118_152833.jpg,3,31.26204400,34.80210620
region_1_IMG_20260111_153313.jpg,1,31.26187970,34.80340650
region_2_IMG_5826.jpg,2,31.26217778,34.80258889
region_4_20260117_141656.jpg,4,31.26171920,34.80085850
region_2_20260116_162933.jpg,2,31.26202460,34.80248290
region_3_20260118_153001.jpg,3,31.26189480,34.80202950
region_3_20260118_151932.jpg,3,31.26165640,34.80194660
region_2_20260116_164421.jpg,2,31.26201710,34.80265730
region_3_20260118_155702.jpg,3,31.26170670,34.80218100
region_3_20260118_154422.jpg,3,31.26167520,34.80215240
region_2_20260116_163603.jpg,2,31.26196580,34.80267110
region_2_20260116_164542.jpg,2,31.26201690,34.80271740
region_3_20260118_151702.jpg,3,31.26192380,34.80190950
region_3_20260118_151000.jpg,3,31.26208650,34.80183370
region_3_20260118_152936.jpg,3,31.26189480,34.80202950
region_0_IMG_5546.jpg,0,31.26184722,34.80363333
region_1_IMG_20260111_154743.jpg,1,31.26211667,34.80327667
region_3_20260118_153913.jpg,3,31.26228190,34.80206940
region_0_IMG_5505.jpg,0,31.26180000,34.80412778
region_0_IMG_5466.jpg,0,31.26213889,34.80429444
region_4_20260117_144814.jpg,4,31.26235590,34.80103400
region_2_20260116_163050.jpg,2,31.26194200,34.80262940
region_2_IMG_5965.jpg,2,31.26213333,34.80252778
region_3_20260118_151739.jpg,3,31.26182020,34.80193220
region_3_20260117_151031.jpg,3,31.26199690,34.80144660
region_3_20260117_151043.jpg,3,31.26199690,34.80144660
region_0_IMG_5504.jpg,0,31.26180278,34.80412778
region_4_20260117_142738.jpg,4,31.26182330,34.80100010
region_3_20260118_155505.jpg,3,31.26192720,34.80189540
region_1_IMG_20260111_155011.jpg,1,31.26213290,34.80357890
region_2_IMG_5785.jpg,2,31.26236667,34.80305000
region_2_IMG_6046.jpg,2,31.26203611,34.80290556
region_4_20260117_141804.jpg,4,31.26171020,34.80097540
region_0_IMG_5528.jpg,0,31.26183056,34.80395833
region_2_20260116_162821.jpg,2,31.26202080,34.80263410
region_0_IMG_5698.jpg,0,31.26206111,34.80406667
region_4_20260117_145728.jpg,4,31.26227220,34.80129130
region_4_20260117_144641.jpg,4,31.26214720,34.80101900
region_4_20260117_143924.jpg,4,31.26187160,34.80121680
region_2_20260116_164859.jpg,2,31.26202560,34.80268220
region_3_20260118_152322.jpg,3,31.26186550,34.80192260
region_2_IMG_6102.jpg,2,31.26205000,34.80258056
region_3_20260117_152118.jpg,3,31.26189590,34.80166620
region_3_20260118_151408.jpg,3,31.26171750,34.80187960
region_2_20260116_162928.jpg,2,31.26202460,34.80248290
region_4_20260117_142716.jpg,4,31.26182330,34.80100010
region_4_20260117_144036.jpg,4,31.26191970,34.80140130
region_4_20260117_144829.jpg,4,31.26235590,34.80103400
region_2_20260116_163403.jpg,2,31.26197960,34.80262860
region_3_20260118_151354.jpg,3,31.26167220,34.80184460
region_0_IMG_5751.jpg,0,31.26199444,34.80400000
region_3_20260118_151045.jpg,3,31.26184780,34.80177470
region_2_IMG_5834.jpg,2,31.26216389,34.80256667
region_0_IMG_5702.jpg,0,31.26205278,34.80406111
region_2_20260116_164640.jpg,2,31.26197360,34.80250880
region_0_IMG_5744.jpg,0,31.26199444,34.80403056
region_1_IMG_20260111_153429.jpg,1,31.26182460,34.80351580
region_1_IMG_20260111_154241.jpg,1,31.26216180,34.80326550
region_0_IMG_5688.jpg,0,31.26210278,34.80421389
region_3_20260118_153911.jpg,3,31.26228190,34.80206940
region_3_20260117_152330.jpg,3,31.26204760,34.80174950
region_3_20260118_154710.jpg,3,31.26189940,34.80198760
region_2_IMG_5813.jpg,2,31.26218889,34.80275833
region_1_IMG_20260111_155615.jpg,1,31.26211520,34.80358480
region_1_IMG_20260111_155603.jpg,1,31.26194700,34.80350670
region_4_20260117_145142.jpg,4,31.26210610,34.80114690
region_2_20260116_163623.jpg,2,31.26196586,34.80267115
region_3_20260118_152240.jpg,3,31.26194380,34.80195540
region_3_20260118_151420.jpg,3,31.26184390,34.80190730
region_3_20260117_152038.jpg,3,31.26174930,34.80165450
region_2_20260116_163628.jpg,2,31.26208870,34.80255870
region_4_20260117_143014.jpg,4,31.26179980,34.80134360
region_0_IMG_5733.jpg,0,31.26196111,34.80401944
region_1_IMG_20260111_155412.jpg,1,31.26210000,34.80359340
region_3_20260118_151013.jpg,3,31.26208650,34.80183370
region_2_IMG_6089.jpg,2,31.26205556,34.80265556
region_1_IMG_20260111_155104.jpg,1,31.26211890,34.80354080
region_4_20260117_145521.jpg,4,31.26214970,34.80124520
region_0_IMG_5550.jpg,0,31.26199444,34.80393889
region_2_20260116_163759.jpg,2,31.26193680,34.80270610
region_2_IMG_6082.jpg,2,31.26205000,34.80271111
region_2_20260116_164516.jpg,2,31.26201690,34.80271740
region_4_20260117_150820.jpg,4,31.26232650,34.80157850
region_3_20260117_152128.jpg,3,31.26198270,34.80167610
region_0_IMG_5605.jpg,0,31.26226389,34.80381667
region_2_20260116_162803.jpg,2,31.26202080,34.80263410
region_4_20260117_143944.jpg,4,31.26187160,34.80121680
region_3_20260117_151806.jpg,3,31.26180330,34.80167260
region_2_IMG_5904.jpg,2,31.26215278,34.80297500
region_4_20260117_145326.jpg,4,31.26231610,34.80119710
region_4_20260117_145841.jpg,4,31.26223780,34.80137410
region_0_IMG_5740.jpg,0,31.26195278,34.80402500
region_3_20260118_152928.jpg,3,31.26189480,34.80202950
region_0_IMG_5431.jpg,0,31.26206667,34.80437500
region_2_20260116_162435.jpg,2,31.26208870,34.80267340
region_4_20260117_150029.jpg,4,31.26201590,34.80137780
region_3_20260118_152703.jpg,3,31.26189110,34.80201810
region_2_20260116_162606.jpg,2,31.26202980,34.80274210
region_2_IMG_5803.jpg,2,31.26223333,34.80278056
region_3_20260118_154450.jpg,3,31.26165490,34.80203210
region_2_20260116_162433.jpg,2,31.26208870,34.80267340
region_2_20260116_164342.jpg,2,31.26207160,34.80258820
region_2_20260116_162717.jpg,2,31.26206410,34.80268850
region_3_20260118_152608.jpg,3,31.26174360,34.80195420
region_3_20260118_153537.jpg,3,31.26203740,34.80205100
region_0_IMG_5548.jpg,0,31.26181111,34.80362778
region_3_20260118_151827.jpg,3,31.26163150,34.80188870
region_4_20260117_144416.jpg,4,31.26189850,34.80110310
region_2_20260116_162758.jpg,2,31.26202080,34.80263410
region_4_20260117_145339.jpg,4,31.26231610,34.80119710
region_3_20260118_151019.jpg,3,31.26208650,34.80183370
region_3_20260118_152106.jpg,3,31.26190320,34.80194420
region_4_20260117_144929.jpg,4,31.26215470,34.80109300
region_2_IMG_5860.jpg,2,31.26217778,34.80266111
region_2_20260116_164212.jpg,2,31.26195710,34.80280300
region_2_20260116_163441.jpg,2,31.26199680,34.80276550
region_4_20260117_144902.jpg,4,31.26224220,34.80111210
region_3_20260118_154237.jpg,3,31.26184990,34.80200740
region_2_20260116_163851.jpg,2,31.26200460,34.80271900
region_4_20260117_142922.jpg,4,31.26178440,34.80122060
region_0_IMG_5653.jpg,0,31.26186667,34.80420556
region_3_20260118_152439.jpg,3,31.26167790,34.80196480
region_3_20260117_151459.jpg,3,31.26163460,34.80151620
region_4_20260117_145020.jpg,4,31.26188990,34.80130950
region_4_20260117_145200.jpg,4,31.26215160,34.80117530
region_0_IMG_5634.jpg,0,31.26196944,34.80425000
region_3_20260118_152916.jpg,3,31.26189480,34.80202950
region_3_20260118_152428.jpg,3,31.26170930,34.80201540
region_1_IMG_20260111_154237.jpg,1,31.26216180,34.80326550
region_3_20260118_155014.jpg,3,31.26237480,34.80214260
region_4_20260117_143825.jpg,4,31.26192220,34.80123530
region_3_20260117_151723.jpg,3,31.26200520,34.80161420
region_4_20260117_150542.jpg,4,31.26206330,34.80144610
region_0_IMG_5403.jpg,0,31.26184167,34.80439444
region_0_IMG_5501.jpg,0,31.26180000,34.80412778
region_2_20260116_164624.jpg,2,31.26197360,34.80250880
region_2_20260116_162304.jpg,2,31.26202060,34.80275690
region_1_IMG_20260111_153738.jpg,1,31.26198050,34.80351360
region_0_IMG_5482.jpg,0,31.26201111,34.80429167
region_1_IMG_20260111_155049.jpg,1,31.26208010,34.80349480
region_4_20260117_143938.jpg,4,31.26187160,34.80121680
region_2_20260116_163815.jpg,2,31.26193680,34.80270610
region_3_20260118_154322.jpg,3,31.26170110,34.80203310
region_2_20260116_164537.jpg,2,31.26201690,34.80271740
region_4_20260117_145024.jpg,4,31.26194680,34.80119510
region_3_20260118_151422.jpg,3,31.26174510,34.80184430
region_1_IMG_20260111_154643.jpg,1,31.26212600,34.80337040
region_0_IMG_5616.jpg,0,31.26237778,34.80359722
region_3_20260117_151403.jpg,3,31.26175690,34.80151040
region_1_IMG_20260111_155533.jpg,1,31.26209560,34.80356560
region_0_IMG_5622.jpg,0,31.26205833,34.80424444
region_3_20260118_154915.jpg,3,31.26229170,34.80203430
region_2_IMG_6039.jpg,2,31.26209444,34.80292222
region_1_IMG_20260111_153627.jpg,1,31.26204290,34.80350810
region_2_IMG_6093.jpg,2,31.26205000,34.80262500
region_2_20260116_162545.jpg,2,31.26203828,34.80276327
region_2_20260116_162836.jpg,2,31.26202080,34.80263410
region_3_20260118_151721.jpg,3,31.26187180,34.80190090
region_3_20260118_154818.jpg,3,31.26203090,34.80199400
region_3_20260118_151715.jpg,3,31.26190500,34.80188090
region_4_20260117_145638.jpg,4,31.26211620,34.80126020
region_4_20260117_150412.jpg,4,31.26210710,34.80144180
region_1_IMG_20260111_154516.jpg,1,31.26213960,34.80340800
region_0_IMG_5556.jpg,0,31.26198611,34.80394444
region_2_IMG_5872.jpg,2,31.26216944,34.80275000
region_4_20260117_143402.jpg,4,31.26187390,34.80139440
region_2_20260116_164816.jpg,2,31.26199900,34.80277350
region_3_20260118_152324.jpg,3,31.26186550,34.80192260
region_2_IMG_6068.jpg,2,31.26204444,34.80280278
region_0_IMG_5707.jpg,0,31.26207222,34.80408889
region_3_20260117_151844.jpg,3,31.26180010,34.80165490
region_0_IMG_5562.jpg,0,31.26197500,34.80395556
region_2_20260116_164558.jpg,2,31.26197370,34.80250887
region_4_20260117_142151.jpg,4,31.26174770,34.80112610
region_1_IMG_20260111_155247.jpg,1,31.26212510,34.80359150
region_2_IMG_5969.jpg,2,31.26212222,34.80252778
region_1_IMG_20260111_155117.jpg,1,31.26211890,34.80354080
region_1_IMG_20260111_155820.jpg,1,31.26205980,34.80356490
region_4_20260117_150708.jpg,4,31.26223290,34.80143270
region_1_IMG_20260111_155505.jpg,1,31.26202440,34.80358890
region_3_20260117_151525.jpg,3,31.26165380,34.80152660
region_2_20260116_162616.jpg,2,31.26202981,34.80274214
region_2_20260116_162104.jpg,2,31.26201810,34.80277500
region_3_20260117_151415.jpg,3,31.26163460,34.80151620
region_3_20260117_151529.jpg,3,31.26165380,34.80152660
region_3_20260118_151114.jpg,3,31.26184670,34.80177750
region_4_20260117_141704.jpg,4,31.26171920,34.80085850
region_4_20260117_145926.jpg,4,31.26219740,34.80135480
region_3_20260118_155612.jpg,3,31.26170670,34.80218100
region_3_20260118_155600.jpg,3,31.26176850,34.80215750
region_4_20260117_145240.jpg,4,31.26230950,34.80116660
region_0_IMG_5531.jpg,0,31.26183056,34.80394722
region_2_20260116_162339.jpg,2,31.26202060,34.80275690
region_2_IMG_5838.jpg,2,31.26214444,34.80251667
region_3_20260118_151542.jpg,3,31.26196570,34.80189590
region_3_20260118_151847.jpg,3,31.26162790,34.80186810
region_0_IMG_5760.jpg,0,31.26201667,34.80402778
region_0_IMG_5400.jpg,0,31.26180000,34.80442778
region_1_IMG_20260111_155613.jpg,1,31.26211520,34.80358480
region_4_20260117_142509.jpg,4,31.26177360,34.80128460
region_3_20260118_151329.jpg,3,31.26159600,34.80187510
region_3_20260118_150958.jpg,3,31.26208650,34.80183370
region_2_IMG_5931.jpg,2,31.26216944,34.80283333
region_3_20260118_152416.jpg,3,31.26167500,34.80195470
region_0_IMG_5758.jpg,0,31.26198611,34.80409167
region_0_IMG_5448.jpg,0,31.26235278,34.80432222
region_1_IMG_20260111_154438.jpg,1,31.26213440,34.80352400
region_2_IMG_5912.jpg,2,31.26223056,34.80301667
region_2_IMG_5839.jpg,2,31.26213889,34.80250833
region_2_20260116_164724.jpg,2,31.26197554,34.80265086
region_0_IMG_5442.jpg,0,31.26232778,34.80440556
region_4_20260117_144956.jpg,4,31.26200450,34.80107110
region_2_IMG_5808.jpg,2,31.26223333,34.80273056
region_4_20260117_144414.jpg,4,31.26189850,34.80110310
region_2_20260116_164751.jpg,2,31.26199900,34.80277350
region_2_20260116_164838.jpg,2,31.26199900,34.80277350
region_3_20260118_151412.jpg,3,31.26171750,34.80187960
region_2_20260116_164223.jpg,2,31.26195710,34.80280300
region_2_20260116_162714.jpg,2,31.26206410,34.80268850
region_1_IMG_20260111_153817.jpg,1,31.26213230,34.80354880
region_4_20260117_142651.jpg,4,31.26182330,34.80100010
region_1_IMG_20260111_154552.jpg,1,31.26217040,34.80330780
region_3_20260118_152246.jpg,3,31.26194380,34.80195540
region_3_20260118_151055.jpg,3,31.26187060,34.80179030
region_3_20260117_152410.jpg,3,31.26179850,34.80179800
region_4_20260117_145837.jpg,4,31.26223790,34.80139490
region_3_20260118_151938.jpg,3,31.26159810,34.80189160
region_3_20260118_153859.jpg,3,31.26228190,34.80206940
region_1_IMG_20260111_153804.jpg,1,31.26187590,34.80325330
region_2_20260116_163254.jpg,2,31.26193401,34.80267366
region_4_20260117_143135.jpg,4,31.26183820,34.80124970
region_3_20260117_152417.jpg,3,31.26178160,34.80176260
region_4_20260117_145654.jpg,4,31.26211620,34.80126020
region_2_20260116_163606.jpg,2,31.26196586,34.80267115
region_2_20260116_164407.jpg,2,31.26201710,34.80265730
region_0_IMG_5601.jpg,0,31.26223889,34.80380000
region_4_20260117_143420.jpg,4,31.26192200,34.80137080
region_1_IMG_20260111_155120.jpg,1,31.26211890,34.80354080
region_2_20260116_164630.jpg,2,31.26197360,34.80250880
region_4_20260117_145202.jpg,4,31.26213110,34.80109710
region_3_20260118_154637.jpg,3,31.26189940,34.80198760
region_3_20260118_152305.jpg,3,31.26194380,34.80195540
region_3_20260118_155400.jpg,3,31.26205620,34.80206950
region_2_IMG_6029.jpg,2,31.26209722,34.80285278
region_4_20260117_150658.jpg,4,31.26223290,34.80143270
region_1_IMG_20260111_155630.jpg,1,31.26197320,34.80346790
region_2_20260116_162517.jpg,2,31.26202256,34.80279562
region_3_20260117_152219.jpg,3,31.26207350,34.80157140
region_4_20260117_142137.jpg,4,31.26174770,34.80112610
region_1_IMG_20260111_155343.jpg,1,31.26212650,34.80356160
region_3_20260118_153100.jpg,3,31.26171900,34.80194850
region_2_20260116_164230.jpg,2,31.26195710,34.80280300
region_4_20260117_142513.jpg,4,31.26176410,34.80096240
region_4_20260117_150758.jpg,4,31.26223710,34.80147220
region_3_20260118_154144.jpg,3,31.26195290,34.80203100
region_3_20260117_152011.jpg,3,31.26169530,34.80166590
region_1_IMG_20260111_155843.jpg,1,31.26206510,34.80355220
region_4_20260117_144155.jpg,4,31.26200630,34.80130300
region_2_IMG_6017.jpg,2,31.26209722,34.80275000
region_0_IMG_5586.jpg,0,31.26219167,34.80412778
region_2_20260116_162731.jpg,2,31.26206410,34.80268850
region_0_IMG_5579.jpg,0,31.26211667,34.80400000
region_0_IMG_5563.jpg,0,31.26197778,34.80396389
region_4_20260117_143427.jpg,4,31.26192200,34.80137080
region_0_IMG_5526.jpg,0,31.26183056,34.80393611
region_2_20260116_163209.jpg,2,31.26193401,34.80267366
region_2_IMG_5898.jpg,2,31.26214167,34.80295556
region_0_IMG_5701.jpg,0,31.26206111,34.80406111
region_2_20260116_162026.jpg,2,31.26206770,34.80258230
region_3_20260118_151825.jpg,3,31.26170120,34.80190440
region_2_IMG_5854.jpg,2,31.26215833,34.80264167
region_3_20260117_151329.jpg,3,31.26175690,34.80151040
region_2_20260116_162701.jpg,2,31.26206410,34.80268850
region_1_IMG_20260111_155122.jpg,1,31.26211890,34.80354080
region_0_IMG_5583.jpg,0,31.26218333,34.80414444
region_4_20260117_150318.jpg,4,31.26225860,34.80138750
region_3_20260118_153733.jpg,3,31.26223760,34.80192490
region_3_20260118_155002.jpg,3,31.26249140,34.80203860
region_2_20260116_162954.jpg,2,31.26194280,34.80252360
region_1_IMG_20260111_155449.jpg,1,31.26208630,34.80353900
region_3_20260118_155608.jpg,3,31.26170670,34.80218100
region_3_20260118_154426.jpg,3,31.26168680,34.80213210
region_4_20260117_143818.jpg,4,31.26192220,34.80123530
region_2_20260116_162719.jpg,2,31.26206410,34.80268850
region_1_IMG_20260111_153624.jpg,1,31.26204290,34.80350810
region_4_20260117_141905.jpg,4,31.26168430,34.80103180
region_2_20260116_164124.jpg,2,31.26196950,34.80269670
region_2_IMG_6067.jpg,2,31.26205000,34.80281111
region_2_IMG_5825.jpg,2,31.26219444,34.80260000
region_3_20260118_155402.jpg,3,31.26205620,34.80206950
region_4_20260117_144731.jpg,4,31.26228510,34.80105450
region_2_IMG_5929.jpg,2,31.26214722,34.80285278
region_3_20260118_154829.jpg,3,31.26208120,34.80197050
region_4_20260117_144944.jpg,4,31.26209300,34.80115550
region_4_20260117_150549.jpg,4,31.26206330,34.80144610
region_4_20260117_144134.jpg,4,31.26200630,34.80130300
region_2_20260116_163546.jpg,2,31.26196580,34.80267110
region_3_20260117_152451.jpg,3,31.26168230,34.80175630
region_4_20260117_142055.jpg,4,31.26168660,34.80119530
region_4_20260117_144450.jpg,4,31.26189850,34.80110310
region_3_20260118_155541.jpg,3,31.26188340,34.80218500
region_3_20260117_152716.jpg,3,31.26191590,34.80179980
region_4_20260117_143409.jpg,4,31.26193340,34.80138570
region_3_20260117_151634.jpg,3,31.26196780,34.80155540
region_3_20260118_154034.jpg,3,31.26222890,34.80201420
region_2_20260116_164449.jpg,2,31.26201690,34.80271740
region_2_IMG_5788.jpg,2,31.26232222,34.80305833
region_2_20260116_164856.jpg,2,31.26202560,34.80268220
region_1_IMG_20260111_154533.jpg,1,31.26213430,34.80335810
region_0_IMG_5647.jpg,0,31.26187222,34.80420278
region_0_IMG_5523.jpg,0,31.26186667,34.80395000
region_3_20260118_153833.jpg,3,31.26233420,34.80208650
region_3_20260118_153102.jpg,3,31.26178220,34.80194880
region_1_IMG_20260111_155228.jpg,1,31.26212590,34.80353330
region_0_IMG_5554.jpg,0,31.26198333,34.80395000
region_3_20260118_152729.jpg,3,31.26197410,34.80198430
region_3_20260117_152334.jpg,3,31.26204760,34.80174950
region_2_IMG_5950.jpg,2,31.26212778,34.80265556
region_2_20260116_163340.jpg,2,31.26204530,34.80272020
region_3_20260117_152703.jpg,3,31.26185040,34.80182210
region_2_IMG_5897.jpg,2,31.26215000,34.80292222
region_4_20260117_144216.jpg,4,31.26200630,34.80130300
region_2_20260116_162415.jpg,2,31.26208874,34.80267350
region_3_20260118_152543.jpg,3,31.26171960,34.80202150
region_4_20260117_142524.jpg,4,31.26176410,34.80096240
region_0_IMG_5452.jpg,0,31.26234167,34.80432778
region_2_IMG_5809.jpg,2,31.26221944,34.80275833
region_4_20260117_150125.jpg,4,31.26202670,34.80138250
region_3_20260118_155709.jpg,3,31.26192860,34.80197960
region_2_20260116_163739.jpg,2,31.26193680,34.80270610
region_2_IMG_5841.jpg,2,31.26213611,34.80250833
region_2_IMG_6097.jpg,2,31.26206111,34.80260556
region_2_IMG_5981.jpg,2,31.26213333,34.80250278
region_0_IMG_5477.jpg,0,31.26200556,34.80428333
region_3_20260118_153118.jpg,3,31.26167550,34.80197390
region_3_20260117_152633.jpg,3,31.26186240,34.80188710
region_2_20260116_163534.jpg,2,31.26196580,34.80267110
region_2_20260116_162944.jpg,2,31.26194280,34.80252360
region_3_20260118_154024.jpg,3,31.26222890,34.80201420
region_4_20260117_144759.jpg,4,31.26235590,34.80103400
region_2_20260116_163646.jpg,2,31.26203410,34.80265540
region_1_IMG_20260111_155734.jpg,1,31.26210120,34.80357390
region_4_20260117_141710.jpg,4,31.26171920,34.80085850
region_3_20260118_155020.jpg,3,31.26237480,34.80214260
region_2_20260116_163220.jpg,2,31.26193401,34.80267366
region_4_20260117_150801.jpg,4,31.26223710,34.80147220
region_2_IMG_6020.jpg,2,31.26209167,34.80276944
region_4_20260117_144706.jpg,4,31.26224710,34.80105300
region_2_20260116_163810.jpg,2,31.26193680,34.80270610
region_4_20260117_144032.jpg,4,31.26196190,34.80129200
region_2_IMG_6012.jpg,2,31.26209167,34.80272222
region_0_IMG_5648.jpg,0,31.26187222,34.80420278
region_0_IMG_5496.jpg,0,31.26183611,34.80429167
region_1_IMG_20260111_154416.jpg,1,31.26212280,34.80358320
region_4_20260117_150822.jpg,4,31.26232650,34.80157850
region_4_20260117_144121.jpg,4,31.26200630,34.80130300
region_1_IMG_20260111_155243.jpg,1,31.26212590,34.80353330
region_3_20260118_154330.jpg,3,31.26173740,34.80209680
region_1_IMG_20260111_153936.jpg,1,31.26184370,34.80322560
region_2_IMG_6107.jpg,2,31.26205000,34.80256389
region_2_IMG_6110.jpg,2,31.26205000,34.80252500
region_1_IMG_20260111_155703.jpg,1,31.26212290,34.80358770
region_0_IMG_5419.jpg,0,31.26202778,34.80430556
region_3_20260118_151306.jpg,3,31.26171040,34.80182370
region_0_IMG_5441.jpg,0,31.26231111,34.80442778
region_4_20260117_145246.jpg,4,31.26209380,34.80111720
region_0_IMG_5614.jpg,0,31.26233611,34.80361667
region_0_IMG_5746.jpg,0,31.26201389,34.80401111
region_4_20260117_145944.jpg,4,31.26210770,34.80133980
region_3_20260118_151424.jpg,3,31.26174510,34.80184430
region_4_20260117_150645.jpg,4,31.26223290,34.80143270
region_0_IMG_5655.jpg,0,31.26187778,34.80421111
region_0_IMG_5685.jpg,0,31.26211111,34.80421111
region_3_20260117_151917.jpg,3,31.26162770,34.80163310
region_1_IMG_20260111_154543.jpg,1,31.26213430,34.80335810
region_0_IMG_5393.jpg,0,31.26167222,34.80434444
region_2_20260116_164556.jpg,2,31.26197360,34.80250880
region_3_20260118_151327.jpg,3,31.26159600,34.80187510
region_0_IMG_5691.jpg,0,31.26208333,34.80421944
region_2_IMG_6078.jpg,2,31.26204722,34.80273333
region_1_IMG_20260111_155332.jpg,1,31.26212650,34.80356160
region_1_IMG_20260111_153905.jpg,1,31.26213740,34.80341660
region_3_20260117_151310.jpg,3,31.26196670,34.80146840
region_4_20260117_145324.jpg,4,31.26230700,34.80120940
region_4_20260117_150424.jpg,4,31.26210710,34.80144180
region_4_20260117_144105.jpg,4,31.26200110,34.80135780
region_4_20260117_141717.jpg,4,31.26171920,34.80085850
region_2_IMG_6060.jpg,2,31.26205000,34.80287500
region_3_20260118_151557.jpg,3,31.26201210,34.80188840
region_0_IMG_5529.jpg,0,31.26182500,34.80395000
region_3_20260118_153939.jpg,3,31.26228190,34.80206940
region_2_20260116_164244.jpg,2,31.26207160,34.80258820
region_3_20260118_153036.jpg,3,31.26178900,34.80198760
region_0_IMG_5646.jpg,0,31.26188889,34.80426111
region_1_IMG_20260111_154102.jpg,1,31.26211550,34.80336790
region_1_IMG_20260111_155414.jpg,1,31.26210000,34.80359340
region_2_IMG_6104.jpg,2,31.26205000,34.80258056
region_0_IMG_5492.jpg,0,31.26184167,34.80430278
region_0_IMG_5432.jpg,0,31.26207500,34.80436667
region_3_20260118_152347.jpg,3,31.26180480,34.80196260
region_3_20260118_155739.jpg,3,31.26198849,34.80203496
region_2_IMG_5806.jpg,2,31.26224444,34.80275278
region_1_IMG_20260111_153604.jpg,1,31.26212870,34.80355580
region_2_IMG_5849.jpg,2,31.26214444,34.80259722
region_4_20260117_150358.jpg,4,31.26215260,34.80143590
region_3_20260118_150938.jpg,3,31.26208650,34.80183370
region_3_20260118_151525.jpg,3,31.26196120,34.80186030
region_3_20260117_151802.jpg,3,31.26183840,34.80161400
region_0_IMG_5639.jpg,0,31.26190278,34.80427222
region_1_IMG_20260111_153323.jpg,1,31.26187970,34.80340650
region_1_IMG_20260111_154539.jpg,1,31.26213430,34.80335810
region_4_20260117_142100.jpg,4,31.26172290,34.80133500
region_0_IMG_5513.jpg,0,31.26183056,34.80395556
region_4_20260117_150006.jpg,4,31.26199080,34.80136400
region_3_20260118_153019.jpg,3,31.26178670,34.80200050
region_4_20260117_144926.jpg,4,31.26215650,34.80113290
region_1_IMG_20260111_155806.jpg,1,31.26205980,34.80356490
region_3_20260118_152600.jpg,3,31.26171960,34.80202150
region_0_IMG_5592.jpg,0,31.26208611,34.80406667
region_1_IMG_20260111_155738.jpg,1,31.26210120,34.80357390
region_4_20260117_143913.jpg,4,31.26187160,34.80121680
region_1_IMG_20260111_153923.jpg,1,31.26209770,34.80335200
region_2_20260116_162905.jpg,2,31.26202460,34.80248290
region_2_20260116_162844.jpg,2,31.26202460,34.80248290
region_4_20260117_143012.jpg,4,31.26179980,34.80134360
region_3_20260118_155428.jpg,3,31.26203150,34.80193450
region_3_20260118_151713.jpg,3,31.26190500,34.80188090
region_0_IMG_5456.jpg,0,31.26235000,34.80433611
region_1_IMG_20260111_154558.jpg,1,31.26217040,34.80330780
region_2_20260116_162455.jpg,2,31.26208870,34.80267340
region_2_20260116_164802.jpg,2,31.26199900,34.80277350
region_4_20260117_142049.jpg,4,31.26168660,34.80119530
region_3_20260117_151609.jpg,3,31.26165380,34.80152660
region_0_IMG_5591.jpg,0,31.26208611,34.80406667
region_2_IMG_5833.jpg,2,31.26216389,34.80255556
region_2_20260116_162547.jpg,2,31.26208840,34.80266890
region_4_20260117_143916.jpg,4,31.26187160,34.80121680
region_0_IMG_5705.jpg,0,31.26205000,34.80407222
region_2_IMG_5980.jpg,2,31.26212778,34.80251389
region_2_IMG_6013.jpg,2,31.26209722,34.80272778
region_4_20260117_145737.jpg,4,31.26224510,34.80131190
region_4_20260117_150304.jpg,4,31.26225860,34.80138750
region_3_20260118_154640.jpg,3,31.26189940,34.80198760
region_2_IMG_5918.jpg,2,31.26213056,34.80287500
region_2_IMG_6014.jpg,2,31.26209722,34.80272778
region_2_IMG_5865.jpg,2,31.26217222,34.80268889
region_1_IMG_20260111_155830.jpg,1,31.26206510,34.80355220
region_2_20260116_162957.jpg,2,31.26194280,34.80252360
region_3_20260118_154105.jpg,3,31.26203670,34.80204290
region_0_IMG_5666.jpg,0,31.26190000,34.80415000
region_2_20260116_163950.jpg,2,31.26195940,34.80263410
region_3_20260118_152031.jpg,3,31.26175780,34.80191980
region_1_IMG_20260111_153914.jpg,1,31.26209770,34.80335200
region_0_IMG_5588.jpg,0,31.26218889,34.80411111
region_4_20260117_145542.jpg,4,31.26204150,34.80127400
region_4_20260117_145806.jpg,4,31.26232290,34.80134910
region_3_20260118_152233.jpg,3,31.26197260,34.80194030
region_0_IMG_5465.jpg,0,31.26214167,34.80430278
region_0_IMG_5481.jpg,0,31.26200556,34.80429722
region_4_20260117_142853.jpg,4,31.26178440,34.80122060
region_0_IMG_5627.jpg,0,31.26204167,34.80423056
region_4_20260117_144536.jpg,4,31.26197420,34.80108560
region_2_IMG_5821.jpg,2,31.26221667,34.80261667
region_3_20260118_154721.jpg,3,31.26198720,34.80206130
region_2_IMG_5927.jpg,2,31.26213889,34.80283611
region_3_20260118_154938.jpg,3,31.26234720,34.80195730
region_2_20260116_163107.jpg,2,31.26208030,34.80275080
region_3_20260118_151949.jpg,3,31.26163180,34.80190020
region_2_IMG_5793.jpg,2,31.26223056,34.80288056
region_0_IMG_5518.jpg,0,31.26186667,34.80393333
region_2_IMG_5818.jpg,2,31.26221389,34.80266111
region_1_IMG_20260111_153744.jpg,1,31.26198050,34.80351360
region_2_20260116_164729.jpg,2,31.26197550,34.80265080
region_1_IMG_20260111_155329.jpg,1,31.26212650,34.80356160
region_2_20260116_164225.jpg,2,31.26195710,34.80280300
region_3_20260118_152631.jpg,3,31.26178650,34.80195700
region_2_20260116_164826.jpg,2,31.26199900,34.80277350
region_3_20260118_154726.jpg,3,31.26199330,34.80192410
region_2_20260116_163150.jpg,2,31.26192160,34.80276280
region_1_IMG_20260111_153909.jpg,1,31.26213740,34.80341660
region_4_20260117_150211.jpg,4,31.26235380,34.80135920
region_4_20260117_145118.jpg,4,31.26186460,34.80136110
region_1_IMG_20260111_155832.jpg,1,31.26206510,34.80355220
region_2_IMG_5799.jpg,2,31.26222500,34.80283611
region_3_20260117_151426.jpg,3,31.26163460,34.80151620
region_3_20260118_152425.jpg,3,31.26168520,34.80195250
region_2_20260116_164445.jpg,2,31.26201691,34.80271742
region_3_20260118_152611.jpg,3,31.26178650,34.80195700
region_4_20260117_150741.jpg,4,31.26223710,34.80147220
region_2_IMG_6026.jpg,2,31.26208611,34.80279444
region_3_20260118_154514.jpg,3,31.26168630,34.80208600
region_1_IMG_20260111_155813.jpg,1,31.26205980,34.80356490
region_4_20260117_150743.jpg,4,31.26223710,34.80147220
region_0_IMG_5642.jpg,0,31.26189444,34.80426111
region_2_20260116_163945.jpg,2,31.26201480,34.80270330
region_4_20260117_145211.jpg,4,31.26222870,34.80116810
region_0_IMG_5416.jpg,0,31.26195833,34.80438333
region_2_20260116_162302.jpg,2,31.26202060,34.80275690
region_2_IMG_6112.jpg,2,31.26205000,34.80253333
region_3_20260118_151259.jpg,3,31.26166100,34.80178880
region_3_20260118_151217.jpg,3,31.26170890,34.80183110
region_4_20260117_143132.jpg,4,31.26183820,34.80124970
region_4_20260117_145120.jpg,4,31.26186460,34.80136110
region_4_20260117_150142.jpg,4,31.26222290,34.80138570
region_2_20260116_162317.jpg,2,31.26202064,34.80275698
region_2_IMG_5873.jpg,2,31.26216944,34.80275000
region_3_20260118_154703.jpg,3,31.26189940,34.80198760
region_2_IMG_5877.jpg,2,31.26216389,34.80278056
region_3_20260117_151931.jpg,3,31.26164840,34.80171770
region_1_IMG_20260111_153814.jpg,1,31.26213230,34.80354880
region_2_IMG_6037.jpg,2,31.26209722,34.80290278
region_0_IMG_5677.jpg,0,31.26202500,34.80415278
region_0_IMG_5543.jpg,0,31.26176389,34.80356944
region_2_20260116_163134.jpg,2,31.26191110,34.80276620
region_0_IMG_5624.jpg,0,31.26205833,34.80425556
region_3_20260118_151810.jpg,3,31.26175560,34.80187750
region_1_IMG_20260111_155447.jpg,1,31.26208630,34.80353900
region_3_20260117_152101.jpg,3,31.26185600,34.80169300
region_2_IMG_6021.jpg,2,31.26208889,34.80276389
region_3_20260118_154305.jpg,3,31.26179600,34.80202950
region_3_20260117_151146.jpg,3,31.26188670,34.80153450
region_4_20260117_145540.jpg,4,31.26204150,34.80127400
region_4_20260117_143404.jpg,4,31.26187390,34.80139440
region_3_20260118_152157.jpg,3,31.26200780,34.80195810
region_1_IMG_20260111_154302.jpg,1,31.26212320,34.80331350
region_0_IMG_5725.jpg,0,31.26193333,34.80403611
region_3_20260117_151544.jpg,3,31.26165380,34.80152660
region_1_IMG_20260111_154518.jpg,1,31.26213960,34.80340800
region_3_20260118_152434.jpg,3,31.26178690,34.80199950
region_2_20260116_163515.jpg,2,31.26199680,34.80276550
region_4_20260117_150027.jpg,4,31.26201590,34.80137780
region_1_IMG_20260111_155800.jpg,1,31.26211450,34.80355010
region_3_20260118_152602.jpg,3,31.26171960,34.80202150
region_2_20260116_164002.jpg,2,31.26195949,34.80263410
region_2_IMG_6103.jpg,2,31.26205000,34.80258056
region_0_IMG_5659.jpg,0,31.26190278,34.80416944
region_3_20260118_152037.jpg,3,31.26175780,34.80191980
region_0_IMG_5748.jpg,0,31.26200000,34.80401944
region_2_20260116_162552.jpg,2,31.26202980,34.80274210
region_2_IMG_6023.jpg,2,31.26208056,34.80279444
region_4_20260117_150852.jpg,4,31.26232650,34.80157850
region_3_20260118_151609.jpg,3,31.26204450,34.80178430
region_3_20260118_152727.jpg,3,31.26190560,34.80201220
region_0_IMG_5573.jpg,0,31.26213889,34.80391944
region_0_IMG_5658.jpg,0,31.26190278,34.80416944
region_2_IMG_5991.jpg,2,31.26211389,34.80255833
region_1_IMG_20260111_155752.jpg,1,31.26211450,34.80355010
region_2_20260116_164416.jpg,2,31.26201710,34.80265730
region_0_IMG_5457.jpg,0,31.26234167,34.80432778
region_4_20260117_145322.jpg,4,31.26232480,34.80121220
region_2_IMG_6108.jpg,2,31.26204444,34.80256389
region_4_20260117_143022.jpg,4,31.26179980,34.80134360
region_3_20260118_155558.jpg,3,31.26178800,34.80213250
region_2_IMG_5815.jpg,2,31.26220000,34.80272778
region_4_20260117_142842.jpg,4,31.26178440,34.80122060
region_3_20260117_152514.jpg,3,31.26163170,34.80177990
region_0_IMG_5587.jpg,0,31.26220000,34.80411944
region_4_20260117_150832.jpg,4,31.26232650,34.80157850
region_4_20260117_144552.jpg,4,31.26197420,34.80108560
region_4_20260117_144034.jpg,4,31.26199430,34.80139200
region_3_20260118_154437.jpg,3,31.26169760,34.80211930
region_4_20260117_145955.jpg,4,31.26210770,34.80133980
region_4_20260117_142908.jpg,4,31.26178440,34.80122060
region_2_IMG_5968.jpg,2,31.26212222,34.80251944
region_2_IMG_6040.jpg,2,31.26209167,34.80292500
region_2_IMG_5880.jpg,2,31.26215278,34.80281111
region_1_IMG_20260111_154159.jpg,1,31.26214670,34.80357060
region_4_20260117_142104.jpg,4,31.26171800,34.80130830
region_1_IMG_20260111_153328.jpg,1,31.26187970,34.80340650
region_3_20260118_152250.jpg,3,31.26194380,34.80195540
region_1_IMG_20260111_153719.jpg,1,31.26188040,34.80322740
region_3_20260118_154649.jpg,3,31.26189940,34.80198760
region_4_20260117_144851.jpg,4,31.26227440,34.80112770
region_2_20260116_164712.jpg,2,31.26197554,34.80265086
region_1_IMG_20260111_153846.jpg,1,31.26214620,34.80327620
region_4_20260117_142018.jpg,4,31.26168660,34.80119530
region_2_IMG_6081.jpg,2,31.26204444,34.80270833
region_1_IMG_20260111_154741.jpg,1,31.26211667,34.80327667
region_4_20260117_145354.jpg,4,31.26231610,34.80119710
region_3_20260117_152522.jpg,3,31.26165980,34.80191780
region_3_20260117_151600.jpg,3,31.26165380,34.80152660
region_2_20260116_163420.jpg,2,31.26192610,34.80287040
region_2_IMG_6019.jpg,2,31.26210278,34.80276944
region_2_20260116_164705.jpg,2,31.26197550,34.80265080
region_3_20260117_152618.jpg,3,31.26181540,34.80184980
region_4_20260117_145652.jpg,4,31.26211620,34.80126020
region_2_IMG_6018.jpg,2,31.26209444,34.80274444
region_2_IMG_6086.jpg,2,31.26206667,34.80268889
region_4_20260117_144027.jpg,4,31.26196190,34.80129200
region_3_20260117_152022.jpg,3,31.26172010,34.80168520
region_3_20260118_154111.jpg,3,31.26203670,34.80204290
region_0_IMG_5404.jpg,0,31.26183889,34.80439722
region_1_IMG_20260111_154531.jpg,1,31.26213960,34.80340800
region_3_20260118_153158.jpg,3,31.26163510,34.80204560
region_2_IMG_5840.jpg,2,31.26213611,34.80250833
region_3_20260118_152645.jpg,3,31.26191750,34.80196140
region_0_IMG_5433.jpg,0,31.26206944,34.80438889
region_4_20260117_142014.jpg,4,31.26168660,34.80119530
region_4_20260117_143226.jpg,4,31.26185410,34.80118840
region_1_IMG_20260111_154847.jpg,1,31.26212710,34.80355470
region_4_20260117_144108.jpg,4,31.26200110,34.80135780
region_1_IMG_20260111_155708.jpg,1,31.26212860,34.80354770
region_2_20260116_164332.jpg,2,31.26207160,34.80258820
region_2_20260116_162135.jpg,2,31.26201812,34.80277500
region_3_20260118_153813.jpg,3,31.26233420,34.80208650
region_0_IMG_5607.jpg,0,31.26229722,34.80372500
region_2_20260116_163300.jpg,2,31.26207150,34.80265390
region_4_20260117_141749.jpg,4,31.26187780,34.80125400
region_4_20260117_150410.jpg,4,31.26208800,34.80145210
region_1_IMG_20260111_153437.jpg,1,31.26183730,34.80346530
region_1_IMG_20260111_155006.jpg,1,31.26213290,34.80357890
region_4_20260117_150608.jpg,4,31.26206330,34.80144610
region_2_20260116_163018.jpg,2,31.26194280,34.80252360
region_1_IMG_20260111_154155.jpg,1,31.26214670,34.80357060
region_3_20260118_152333.jpg,3,31.26186550,34.80192260
region_3_20260118_154456.jpg,3,31.26168630,34.80208600
region_3_20260118_151447.jpg,3,31.26185900,34.80186030
region_2_IMG_5800.jpg,2,31.26223056,34.80281111
region_1_IMG_20260111_154909.jpg,1,31.26212710,34.80355470
region_2_20260116_164506.jpg,2,31.26201690,34.80271740
region_1_IMG_20260111_155536.jpg,1,31.26209560,34.80356560
region_3_20260118_151242.jpg,3,31.26165480,34.80179750
region_2_20260116_162833.jpg,2,31.26202080,34.80263410
region_3_20260118_152229.jpg,3,31.26197260,34.80194030
region_3_20260118_151936.jpg,3,31.26171150,34.80192500
region_3_20260118_152456.jpg,3,31.26172140,34.80196850
region_2_IMG_5879.jpg,2,31.26215833,34.80281389
region_1_IMG_20260111_154752.jpg,1,31.26213830,34.80342710
region_3_20260118_153524.jpg,3,31.26203740,34.80205100
region_4_20260117_150745.jpg,4,31.26223710,34.80147220
region_3_20260117_151131.jpg,3,31.26183350,34.80149430
region_3_20260117_152437.jpg,3,31.26171270,34.80176430
region_0_IMG_5407.jpg,0,31.26183611,34.80438611
region_3_20260118_152903.jpg,3,31.26204400,34.80210620
region_3_20260118_155449.jpg,3,31.26188570,34.80126380
region_2_20260116_163039.jpg,2,31.26197830,34.80269820
region_1_IMG_20260111_154227.jpg,1,31.26216970,34.80342690
region_2_IMG_5798.jpg,2,31.26223889,34.80284167
region_3_20260118_154203.jpg,3,31.26195290,34.80203100
region_1_IMG_20260111_153859.jpg,1,31.26213740,34.80341660
region_0_IMG_5682.jpg,0,31.26201667,34.80414444
region_2_20260116_164438.jpg,2,31.26201710,34.80265730
region_4_20260117_141859.jpg,4,31.26168430,34.80103180
region_2_20260116_163426.jpg,2,31.26199660,34.80268070
region_1_IMG_20260111_154039.jpg,1,31.26210760,34.80331520
region_2_IMG_5891.jpg,2,31.26215278,34.80288611
region_2_20260116_164828.jpg,2,31.26199900,34.80277350
region_2_20260116_162144.jpg,2,31.26201810,34.80277500
region_3_20260118_154657.jpg,3,31.26189940,34.80198760
region_2_20260116_164726.jpg,2,31.26197550,34.80265080
region_0_IMG_5712.jpg,0,31.26191944,34.80408056
region_3_20260118_152949.jpg,3,31.26189480,34.80202950
region_1_IMG_20260111_155455.jpg,1,31.26208630,34.80353900
region_1_IMG_20260111_155723.jpg,1,31.26212860,34.80354770
region_3_20260117_151439.jpg,3,31.26163460,34.80151620
region_4_20260117_144157.jpg,4,31.26200630,34.80130300
region_1_IMG_20260111_154816.jpg,1,31.26212710,34.80355470
region_3_20260117_151958.jpg,3,31.26167240,34.80165480
region_2_IMG_6028.jpg,2,31.26209722,34.80285000
region_2_IMG_5960.jpg,2,31.26213056,34.80257500
region_2_20260116_164457.jpg,2,31.26201690,34.80271740
region_4_20260117_150128.jpg,4,31.26214490,34.80140700
region_4_20260117_150129.jpg,4,31.26216940,34.80141380
region_0_IMG_5577.jpg,0,31.26213611,34.80394444
region_3_20260118_152553.jpg,3,31.26171960,34.80202150
region_4_20260117_144114.jpg,4,31.26200400,34.80130020
region_4_20260117_144912.jpg,4,31.26224220,34.80111210
region_3_20260117_152324.jpg,3,31.26204760,34.80174950
region_3_20260118_152208.jpg,3,31.26199270,34.80188720
region_4_20260117_145033.jpg,4,31.26195470,34.80118420
region_3_20260117_152041.jpg,3,31.26174930,34.80165450
region_0_IMG_5759.jpg,0,31.26203611,34.80400833
region_3_20260118_154100.jpg,3,31.26203670,34.80204290
region_2_20260116_164348.jpg,2,31.26201710,34.80265730
region_2_20260116_163139.jpg,2,31.26198080,34.80270090
region_4_20260117_144652.jpg,4,31.26214720,34.80101900
region_4_20260117_143835.jpg,4,31.26192220,34.80123530
region_3_20260118_151632.jpg,3,31.26200750,34.80193030
region_2_IMG_5789.jpg,2,31.26233611,34.80308056
region_4_20260117_150338.jpg,4,31.26215730,34.80138530
region_2_IMG_5837.jpg,2,31.26216389,34.80252500
region_4_20260117_144701.jpg,4,31.26227280,34.80105870
region_3_20260117_151026.jpg,3,31.26199690,34.80144660
region_2_IMG_5878.jpg,2,31.26216111,34.80281389
region_4_20260117_145450.jpg,4,31.26214970,34.80124520
region_3_20260118_151201.jpg,3,31.26168320,34.80182030
region_0_IMG_5695.jpg,0,31.26208056,34.80408889
region_1_IMG_20260111_155052.jpg,1,31.26208010,34.80349480
region_3_20260117_151401.jpg,3,31.26175690,34.80151040
region_1_IMG_20260111_154755.jpg,1,31.26213830,34.80342710
region_0_IMG_5451.jpg,0,31.26234722,34.80432500
region_3_20260117_152639.jpg,3,31.26187330,34.80178630
region_1_IMG_20260111_153440.jpg,1,31.26183730,34.80346530
region_3_20260117_152208.jpg,3,31.26208010,34.80169910
region_3_20260118_154108.jpg,3,31.26203670,34.80204290
region_2_IMG_5851.jpg,2,31.26214722,34.80262778
region_3_20260118_152011.jpg,3,31.26175680,34.80194200
region_4_20260117_141848.jpg,4,31.26171020,34.80097540
region_0_IMG_5540.jpg,0,31.26175000,34.80369167
region_3_20260118_151812.jpg,3,31.26173050,34.80188120
region_1_IMG_20260111_155021.jpg,1,31.26213290,34.80357890
region_2_IMG_6074.jpg,2,31.26205556,34.80275833
region_2_IMG_6054.jpg,2,31.26204167,34.80287500
region_4_20260117_145155.jpg,4,31.26216140,34.80116340
region_2_IMG_5795.jpg,2,31.26222222,34.80286111
region_0_IMG_5567.jpg,0,31.26214167,34.80393889
region_3_20260117_151417.jpg,3,31.26163460,34.80151620
region_4_20260117_150824.jpg,4,31.26232650,34.80157850
region_3_20260118_155700.jpg,3,31.26170670,34.80218100
region_2_20260116_163231.jpg,2,31.26193400,34.80267360
region_2_20260116_162108.jpg,2,31.26201810,34.80277500
region_2_IMG_5810.jpg,2,31.26222778,34.80273889
region_4_20260117_142037.jpg,4,31.26168660,34.80119530
region_2_IMG_6038.jpg,2,31.26209722,34.80290556
region_2_IMG_5853.jpg,2,31.26215556,34.80262500
region_2_IMG_5905.jpg,2,31.26215556,34.80300278
region_3_20260118_154126.jpg,3,31.26188780,34.80199640
region_3_20260117_152358.jpg,3,31.26204760,34.80174950
region_1_IMG_20260111_154854.jpg,1,31.26212710,34.80355470
region_3_20260118_151655.jpg,3,31.26197700,34.80187620
region_4_20260117_145649.jpg,4,31.26211620,34.80126020
region_3_20260118_155531.jpg,3,31.26183350,34.80113030
region_4_20260117_141747.jpg,4,31.26171920,34.80085850
region_2_20260116_163903.jpg,2,31.26200460,34.80271900
region_4_20260117_145804.jpg,4,31.26232070,34.80139260
region_2_IMG_5884.jpg,2,31.26215278,34.80283611
region_3_20260118_155625.jpg,3,31.26170670,34.80218100
region_3_20260118_154428.jpg,3,31.26166920,34.80208600
region_0_IMG_5674.jpg,0,31.26196111,34.80418889
region_1_IMG_20260111_154523.jpg,1,31.26213960,34.80340800
region_3_20260118_152140.jpg,3,31.26195070,34.80193160
region_2_20260116_162133.jpg,2,31.26201810,34.80277500
region_2_IMG_6064.jpg,2,31.26205000,34.80281389
region_1_IMG_20260111_154802.jpg,1,31.26213830,34.80342710
region_3_20260117_152637.jpg,3,31.26182620,34.80186070
region_3_20260118_154533.jpg,3,31.26179910,34.80209850
region_3_20260118_151238.jpg,3,31.26161020,34.80182020
region_3_20260118_151507.jpg,3,31.26186530,34.80185710
region_3_20260117_151546.jpg,3,31.26165380,34.80152660
region_2_20260116_164050.jpg,2,31.26196950,34.80269670
region_3_20260118_152145.jpg,3,31.26190920,34.80194820
region_2_20260116_164441.jpg,2,31.26201710,34.80265730
region_4_20260117_145443.jpg,4,31.26214970,34.80124520
region_1_IMG_20260111_155047.jpg,1,31.26208010,34.80349480
region_1_IMG_20260111_153917.jpg,1,31.26209770,34.80335200
region_3_20260118_150941.jpg,3,31.26208650,34.80183370
region_1_IMG_20260111_153821.jpg,1,31.26213230,34.80354880
region_3_20260118_153143.jpg,3,31.26162050,34.80202090
region_3_20260118_154337.jpg,3,31.26167760,34.80210590
region_3_20260117_151332.jpg,3,31.26175690,34.80151040
region_0_IMG_5445.jpg,0,31.26231944,34.80441944
region_2_20260116_164836.jpg,2,31.26199900,34.80277350
region_1_IMG_20260111_155150.jpg,1,31.26211560,34.80342400
region_4_20260117_145545.jpg,4,31.26204150,34.80127400
region_3_20260118_155503.jpg,3,31.26192720,34.80189540
region_4_20260117_142147.jpg,4,31.26174770,34.80112610
region_3_20260118_151537.jpg,3,31.26198040,34.80191940
region_4_20260117_144533.jpg,4,31.26197420,34.80108560
region_2_20260116_164355.jpg,2,31.26201710,34.80265730
region_4_20260117_144515.jpg,4,31.26194390,34.80124130
region_4_20260117_150259.jpg,4,31.26225860,34.80138750
region_4_20260117_144025.jpg,4,31.26196190,34.80129200
region_0_IMG_5600.jpg,0,31.26221944,34.80378333
region_3_20260117_152254.jpg,3,31.26205880,34.80177190
region_3_20260118_151903.jpg,3,31.26185600,34.80188640
region_4_20260117_150414.jpg,4,31.26210710,34.80144180
region_3_20260118_152411.jpg,3,31.26175430,34.80191080
region_2_20260116_162057.jpg,2,31.26201810,34.80277500
region_0_IMG_5611.jpg,0,31.26235278,34.80366111
region_3_20260117_151505.jpg,3,31.26163460,34.80151620
region_3_20260118_150946.jpg,3,31.26208650,34.80183370
region_0_IMG_5392.jpg,0,31.26166667,34.80435278
region_3_20260118_152317.jpg,3,31.26184010,34.80195100
region_3_20260117_151156.jpg,3,31.26184540,34.80149490
region_1_IMG_20260111_153856.jpg,1,31.26213740,34.80341660
region_2_IMG_5816.jpg,2,31.26221944,34.80269722
region_4_20260117_141818.jpg,4,31.26171020,34.80097540
region_4_20260117_150045.jpg,4,31.26209010,34.80142830
region_0_IMG_5749.jpg,0,31.26199167,34.80400833
region_3_20260118_155353.jpg,3,31.26205620,34.80206950
region_0_IMG_5539.jpg,0,31.26176389,34.80363889
region_3_20260117_151109.jpg,3,31.26199690,34.80144660
region_3_20260118_153505.jpg,3,31.26203740,34.80205100
region_3_20260118_151820.jpg,3,31.26170980,34.80188130
region_4_20260117_143329.jpg,4,31.26187390,34.80139440
region_2_IMG_5842.jpg,2,31.26213889,34.80254444
region_1_IMG_20260111_155226.jpg,1,31.26212590,34.80353330
region_1_IMG_20260111_153545.jpg,1,31.26215590,34.80354850
region_2_IMG_5807.jpg,2,31.26223889,34.80276389
region_2_IMG_5857.jpg,2,31.26216111,34.80263889
region_4_20260117_142752.jpg,4,31.26182890,34.80114380
region_2_IMG_5917.jpg,2,31.26213333,34.80288056
region_3_20260118_151210.jpg,3,31.26168320,34.80182030
region_0_IMG_5762.jpg,0,31.26206667,34.80399444
region_3_20260118_153841.jpg,3,31.26233420,34.80208650
region_3_20260118_155512.jpg,3,31.26165140,34.80181580
region_1_IMG_20260111_155740.jpg,1,31.26210120,34.80357390
region_4_20260117_145839.jpg,4,31.26223790,34.80139490
region_4_20260117_142522.jpg,4,31.26176410,34.80096240
region_3_20260118_152415.jpg,3,31.26175480,34.80198510
region_4_20260117_143240.jpg,4,31.26185410,34.80118840
region_1_IMG_20260111_155610.jpg,1,31.26211520,34.80358480
region_3_20260118_155012.jpg,3,31.26237480,34.80214260
region_2_20260116_164000.jpg,2,31.26195940,34.80263410
region_0_IMG_5473.jpg,0,31.26201389,34.80428611
region_4_20260117_145306.jpg,4,31.26226710,34.80119480
region_1_IMG_20260111_153235.jpg,1,31.26183250,34.80349150
region_3_20260118_154846.jpg,3,31.26216630,34.80196670
region_2_20260116_163443.jpg,2,31.26199680,34.80276550
region_4_20260117_144621.jpg,4,31.26207060,34.80112910
region_3_20260117_152013.jpg,3,31.26168210,34.80166330
region_4_20260117_143445.jpg,4,31.26192200,34.80137080
region_0_IMG_5718.jpg,0,31.26198056,34.80406944
region_3_20260117_152133.jpg,3,31.26194300,34.80171750
region_3_20260118_151749.jpg,3,31.26175720,34.80188020
region_3_20260118_153044.jpg,3,31.26184190,34.80203600
region_3_20260118_151945.jpg,3,31.26163180,34.80190020
region_4_20260117_144038.jpg,4,31.26194790,34.80138990
region_4_20260117_150228.jpg,4,31.26229590,34.80142440
region_2_20260116_164717.jpg,2,31.26197550,34.80265080
region_3_20260118_151131.jpg,3,31.26184670,34.80177750
region_1_IMG_20260111_154141.jpg,1,31.26214530,34.80360010
region_3_20260117_152154.jpg,3,31.26198340,34.80170840
region_2_20260116_164404.jpg,2,31.26201710,34.80265730
region_4_20260117_145547.jpg,4,31.26204150,34.80127400
region_1_IMG_20260111_155401.jpg,1,31.26204900,34.80349900
region_0_IMG_5633.jpg,0,31.26196944,34.80425000
region_4_20260117_150246.jpg,4,31.26226600,34.80141390
region_1_IMG_20260111_154651.jpg,1,31.26212600,34.80337040
region_2_20260116_163844.jpg,2,31.26200460,34.80271900
region_4_20260117_143840.jpg,4,31.26192220,34.80123530
region_4_20260117_142102.jpg,4,31.26174230,34.80123650
region_1_IMG_20260111_153843.jpg,1,31.26214620,34.80327620
region_4_20260117_145115.jpg,4,31.26186460,34.80136110
region_2_20260116_162309.jpg,2,31.26202060,34.80275690
region_4_20260117_145455.jpg,4,31.26214970,34.80124520
region_2_20260116_163124.jpg,2,31.26202070,34.80272600
region_0_IMG_5680.jpg,0,31.26202500,34.80414444
region_3_20260117_152556.jpg,3,31.26172070,34.80180920
region_2_20260116_164254.jpg,2,31.26207160,34.80258820
region_2_20260116_164357.jpg,2,31.26201710,34.80265730
region_2_20260116_163100.jpg,2,31.26194200,34.80262940
region_0_IMG_5522.jpg,0,31.26181667,34.80394722
region_2_20260116_164432.jpg,2,31.26201710,34.80265730
region_3_20260118_151203.jpg,3,31.26168320,34.80182030
region_3_20260118_153757.jpg,3,31.26233420,34.80208650
region_3_20260117_151341.jpg,3,31.26175690,34.80151040
region_0_IMG_5398.jpg,0,31.26171389,34.80436389
region_1_IMG_20260111_155130.jpg,1,31.26204810,34.80354570
region_0_IMG_5696.jpg,0,31.26208333,34.80409167
region_1_IMG_20260111_155549.jpg,1,31.26194700,34.80350670
region_2_20260116_163241.jpg,2,31.26193400,34.80267360
region_1_IMG_20260111_155135.jpg,1,31.26204810,34.80354570
region_0_IMG_5721.jpg,0,31.26200556,34.80396667
region_4_20260117_144100.jpg,4,31.26197470,34.80136900
region_4_20260117_150056.jpg,4,31.26202670,34.80138250
region_2_20260116_162554.jpg,2,31.26202980,34.80274210
region_1_IMG_20260111_153434.jpg,1,31.26183730,34.80346530
region_0_IMG_5635.jpg,0,31.26196944,34.80425278
region_4_20260117_150249.jpg,4,31.26231160,34.80139850
region_3_20260117_151913.jpg,3,31.26162770,34.80163310
region_2_20260116_164544.jpg,2,31.26197360,34.80250880
region_3_20260117_152311.jpg,3,31.26204760,34.80174950
region_3_20260117_152453.jpg,3,31.26168230,34.80175630
region_4_20260117_145749.jpg,4,31.26230900,34.80133780
region_3_20260118_152516.jpg,3,31.26171960,34.80202150
region_2_20260116_162942.jpg,2,31.26194280,34.80252360
region_3_20260117_151558.jpg,3,31.26165380,34.80152660
region_1_IMG_20260111_153930.jpg,1,31.26209770,34.80335200
region_4_20260117_143327.jpg,4,31.26187390,34.80139440
region_0_IMG_5737.jpg,0,31.26191389,34.80402778
region_4_20260117_142653.jpg,4,31.26182330,34.80100010
region_1_IMG_20260111_154907.jpg,1,31.26212710,34.80355470
region_1_IMG_20260111_155016.jpg,1,31.26213290,34.80357890
region_0_IMG_5608.jpg,0,31.26228611,34.80369167
region_0_IMG_5692.jpg,0,31.26208333,34.80421944
region_3_20260118_151723.jpg,3,31.26185960,34.80190470
region_3_20260117_151111.jpg,3,31.26187450,34.80142560
region_0_IMG_5656.jpg,0,31.26186944,34.80421944
region_1_IMG_20260111_153830.jpg,1,31.26213230,34.80354880
region_3_20260118_151358.jpg,3,31.26167220,34.80184460
region_2_20260116_163544.jpg,2,31.26196580,34.80267110
region_0_IMG_5599.jpg,0,31.26217778,34.80385278
region_1_IMG_20260111_155815.jpg,1,31.26205980,34.80356490
region_2_IMG_5887.jpg,2,31.26215278,34.80286389
region_3_20260117_152210.jpg,3,31.26206250,34.80166740
region_3_20260118_151414.jpg,3,31.26174080,34.80185700
region_3_20260118_151157.jpg,3,31.26172120,34.80181950
region_2_20260116_164311.jpg,2,31.26207164,34.80258825
region_0_IMG_5439.jpg,0,31.26228611,34.80440278
region_1_IMG_20260111_153517.jpg,1,31.26211340,34.80360240
region_3_20260118_154343.jpg,3,31.26171410,34.80208910
region_3_20260118_154942.jpg,3,31.26244650,34.80205780
region_2_20260116_164443.jpg,2,31.26204250,34.80268590
region_4_20260117_144047.jpg,4,31.26197800,34.80142360
region_0_IMG_5612.jpg,0,31.26227500,34.80362778
region_0_IMG_5575.jpg,0,31.26214722,34.80391667
region_2_20260116_164105.jpg,2,31.26196951,34.80269671
region_1_IMG_20260111_154217.jpg,1,31.26216970,34.80342690
region_3_20260118_155443.jpg,3,31.26196430,34.80198540
region_0_IMG_5446.jpg,0,31.26235833,34.80429722
region_2_20260116_164657.jpg,2,31.26197550,34.80265080
region_4_20260117_143334.jpg,4,31.26187390,34.80139440
region_2_IMG_5970.jpg,2,31.26213333,34.80250833
region_2_20260116_163004.jpg,2,31.26194280,34.80252360
region_2_20260116_164533.jpg,2,31.26201691,34.80271742
region_2_20260116_162222.jpg,2,31.26200700,34.80259530
region_1_IMG_20260111_153450.jpg,1,31.26183730,34.80346530
region_2_20260116_164256.jpg,2,31.26207160,34.80258820
region_3_20260118_152540.jpg,3,31.26171960,34.80202150
region_2_20260116_164136.jpg,2,31.26196950,34.80269670
region_3_20260118_151529.jpg,3,31.26196120,34.80186030
region_2_20260116_162739.jpg,2,31.26206280,34.80264980
region_4_20260117_145014.jpg,4,31.26196770,34.80122460
region_1_IMG_20260111_155827.jpg,1,31.26206510,34.80355220
region_3_20260118_152933.jpg,3,31.26189480,34.80202950
region_1_IMG_20260111_153944.jpg,1,31.26184370,34.80322560
region_4_20260117_150117.jpg,4,31.26202670,34.80138250
region_2_20260116_162157.jpg,2,31.26200700,34.80259530
region_1_IMG_20260111_154043.jpg,1,31.26210760,34.80331520
region_2_20260116_163048.jpg,2,31.26194200,34.80262940
region_4_20260117_145828.jpg,4,31.26227730,34.80133640
region_2_20260116_164747.jpg,2,31.26199900,34.80277350
region_2_20260116_164017.jpg,2,31.26195940,34.80263410
region_4_20260117_145724.jpg,4,31.26229510,34.80130400
region_2_IMG_5933.jpg,2,31.26218889,34.80284444
region_2_IMG_5846.jpg,2,31.26214722,34.80259444
region_4_20260117_144939.jpg,4,31.26212000,34.80109220
region_3_20260117_151819.jpg,3,31.26179120,34.80163760
region_4_20260117_150515.jpg,4,31.26212400,34.80139810
region_3_20260118_152719.jpg,3,31.26194200,34.80199240
region_3_20260118_153817.jpg,3,31.26233420,34.80208650
region_4_20260117_150422.jpg,4,31.26210710,34.80144180
region_2_IMG_6004.jpg,2,31.26210278,34.80266667
region_2_20260116_164745.jpg,2,31.26199900,34.80277350
region_2_20260116_163319.jpg,2,31.26207150,34.80265390
region_3_20260118_155455.jpg,3,31.26192720,34.80189540
region_2_20260116_162842.jpg,2,31.26202460,34.80248290
region_2_20260116_164511.jpg,2,31.26201691,34.80271742
region_1_IMG_20260111_153259.jpg,1,31.26183400,34.80346550
region_0_IMG_5459.jpg,0,31.26233889,34.80432500
region_3_20260117_152419.jpg,3,31.26178160,34.80176260
region_3_20260118_151711.jpg,3,31.26187470,34.80191340
region_3_20260118_151340.jpg,3,31.26173050,34.80191940
region_2_20260116_163245.jpg,2,31.26193400,34.80267360
region_3_20260118_153844.jpg,3,31.26233420,34.80208650
region_4_20260117_144011.jpg,4,31.26196190,34.80129200
region_4_20260117_145037.jpg,4,31.26187320,34.80121590
region_2_20260116_163256.jpg,2,31.26193400,34.80267360
region_4_20260117_145524.jpg,4,31.26206240,34.80123650
region_2_20260116_162141.jpg,2,31.26201810,34.80277500
region_3_20260118_152345.jpg,3,31.26178120,34.80197720
region_0_IMG_5430.jpg,0,31.26206667,34.80437500
region_4_20260117_144817.jpg,4,31.26235590,34.80103400
region_2_20260116_164132.jpg,2,31.26196951,34.80269671
region_2_20260116_164215.jpg,2,31.26195710,34.80280300
region_2_IMG_5886.jpg,2,31.26215278,34.80286111
region_2_20260116_163711.jpg,2,31.26203410,34.80265540
region_2_IMG_5945.jpg,2,31.26213333,34.80272222
region_2_20260116_162642.jpg,2,31.26206410,34.80268850
region_3_20260118_151630.jpg,3,31.26200750,34.80193030
region_3_20260118_155412.jpg,3,31.26205620,34.80206950
region_2_IMG_5823.jpg,2,31.26219444,34.80260000
region_4_20260117_142020.jpg,4,31.26168660,34.80119530
region_0_IMG_5506.jpg,0,31.26180556,34.80413056
region_2_IMG_5869.jpg,2,31.26216667,34.80272222
region_3_20260118_155344.jpg,3,31.26205620,34.80206950
region_3_20260118_154327.jpg,3,31.26167670,34.80204380
region_4_20260117_150420.jpg,4,31.26210710,34.80144180
region_2_20260116_163325.jpg,2,31.26207150,34.80265390
region_3_20260117_152458.jpg,3,31.26158110,34.80173780
region_2_20260116_164207.jpg,2,31.26195710,34.80280308
region_0_IMG_5743.jpg,0,31.26199722,34.80402500
region_2_20260116_163343.jpg,2,31.26204530,34.80272020
region_2_IMG_5812.jpg,2,31.26216389,34.80274444
region_2_20260116_163947.jpg,2,31.26195940,34.80263410
region_3_20260117_152105.jpg,3,31.26189830,34.80166070
region_3_20260118_154924.jpg,3,31.26207890,34.80198830
region_3_20260118_151519.jpg,3,31.26190370,34.80185660
region_3_20260118_155532.jpg,3,31.26179250,34.80125560
region_2_20260116_164009.jpg,2,31.26195940,34.80263410
region_3_20260118_152457.jpg,3,31.26179160,34.80195880
region_1_IMG_20260111_155623.jpg,1,31.26211520,34.80358480
region_3_20260117_152103.jpg,3,31.26185600,34.80169300
region_4_20260117_145629.jpg,4,31.26204150,34.80127400
region_3_20260117_152718.jpg,3,31.26191590,34.80179980
region_2_IMG_5975.jpg,2,31.26213056,34.80248611
region_3_20260117_152035.jpg,3,31.26174930,34.80165450
region_1_IMG_20260111_153557.jpg,1,31.26212870,34.80355580
region_3_20260118_151659.jpg,3,31.26194480,34.80186820
region_3_20260118_155603.jpg,3,31.26175980,34.80212250
region_0_IMG_5440.jpg,0,31.26229722,34.80441944
region_2_IMG_5889.jpg,2,31.26215278,34.80286111
region_4_20260117_144214.jpg,4,31.26200630,34.80130300
region_0_IMG_5671.jpg,0,31.26192222,34.80421111
region_2_IMG_6010.jpg,2,31.26209167,34.80269722
region_4_20260117_145952.jpg,4,31.26210770,34.80133980
region_3_20260118_152746.jpg,3,31.26199870,34.80206260
region_2_IMG_5914.jpg,2,31.26225556,34.80303611
region_0_IMG_5557.jpg,0,31.26198333,34.80394444
region_3_20260118_154205.jpg,3,31.26195290,34.80203100
region_4_20260117_145352.jpg,4,31.26231610,34.80119710
region_2_20260116_164647.jpg,2,31.26197554,34.80265086
region_1_IMG_20260111_153508.jpg,1,31.26194240,34.80352940
region_2_20260116_163315.jpg,2,31.26207150,34.80265390
region_0_IMG_5700.jpg,0,31.26205278,34.80406111
region_2_20260116_162314.jpg,2,31.26202060,34.80275690
region_3_20260117_151007.jpg,3,31.26214760,34.80144330
region_2_IMG_6030.jpg,2,31.26210278,34.80285278
region_4_20260117_142534.jpg,4,31.26176410,34.80096240
region_2_20260116_164849.jpg,2,31.26202560,34.80268220
region_0_IMG_5494.jpg,0,31.26183889,34.80429722
region_3_20260118_154548.jpg,3,31.26179910,34.80209850
region_4_20260117_143254.jpg,4,31.26188660,34.80129860
region_2_20260116_164842.jpg,2,31.26188250,34.80287533
region_1_IMG_20260111_155326.jpg,1,31.26212650,34.80356160
region_4_20260117_145800.jpg,4,31.26234910,34.80138860
region_1_IMG_20260111_155426.jpg,1,31.26209890,34.80360290
region_2_IMG_6003.jpg,2,31.26210278,34.80266944
region_2_20260116_163641.jpg,2,31.26203410,34.80265540
region_4_20260117_142526.jpg,4,31.26176410,34.80096240
region_2_20260116_162755.jpg,2,31.26202080,34.80263410
region_3_20260118_154134.jpg,3,31.26195290,34.80203100
region_1_IMG_20260111_153834.jpg,1,31.26214620,34.80327620
region_3_20260118_151257.jpg,3,31.26168990,34.80173000
region_1_IMG_20260111_154213.jpg,1,31.26216970,34.80342690
region_4_20260117_144525.jpg,4,31.26197420,34.80108560
region_1_IMG_20260111_155024.jpg,1,31.26213290,34.80357890
region_0_IMG_5472.jpg,0,31.26214722,34.80428056
region_2_20260116_162327.jpg,2,31.26202060,34.80275690
region_4_20260117_141720.jpg,4,31.26171920,34.80085850
region_0_IMG_5516.jpg,0,31.26181667,34.80396944
region_0_IMG_5553.jpg,0,31.26198889,34.80395000
region_4_20260117_144159.jpg,4,31.26200630,34.80130300
region_2_20260116_162926.jpg,2,31.26202460,34.80248290
region_2_IMG_5925.jpg,2,31.26213889,34.80286667
region_0_IMG_5602.jpg,0,31.26223889,34.80378611
region_4_20260117_145622.jpg,4,31.26204150,34.80127400
region_4_20260117_150051.jpg,4,31.26206890,34.80141900
region_3_20260118_151213.jpg,3,31.26180710,34.80182660
region_4_20260117_144604.jpg,4,31.26207350,34.80116130
region_2_20260116_163538.jpg,2,31.26196580,34.80267110
region_3_20260117_151726.jpg,3,31.26198840,34.80161820
region_4_20260117_150638.jpg,4,31.26223290,34.80143270
region_3_20260118_155404.jpg,3,31.26205620,34.80206950
region_2_IMG_5874.jpg,2,31.26216111,34.80278056
region_2_IMG_5830.jpg,2,31.26215833,34.80256667
region_3_20260117_152608.jpg,3,31.26172730,34.80182310
region_2_20260116_162637.jpg,2,31.26204290,34.80268390
region_2_IMG_5832.jpg,2,31.26215556,34.80256667
region_4_20260117_142721.jpg,4,31.26182330,34.80100010
region_2_20260116_163734.jpg,2,31.26193680,34.80270610
region_4_20260117_141910.jpg,4,31.26168430,34.80103180
region_1_IMG_20260111_155743.jpg,1,31.26210120,34.80357390
region_3_20260118_150944.jpg,3,31.26208650,34.80183370
region_1_IMG_20260111_154502.jpg,1,31.26214490,34.80345720
region_3_20260117_151906.jpg,3,31.26162770,34.80163310
region_0_IMG_5732.jpg,0,31.26185556,34.80404167
region_0_IMG_5500.jpg,0,31.26179722,34.80412778
region_3_20260118_154136.jpg,3,31.26195290,34.80203100
region_3_20260118_154957.jpg,3,31.26240370,34.80208730
region_2_IMG_6106.jpg,2,31.26205000,34.80255833
region_0_IMG_5499.jpg,0,31.26179444,34.80411944
region_4_20260117_150223.jpg,4,31.26229560,34.80139340
region_4_20260117_143807.jpg,4,31.26192220,34.80123530
region_3_20260118_151112.jpg,3,31.26184670,34.80177750
region_4_20260117_145453.jpg,4,31.26214970,34.80124520
region_3_20260117_151158.jpg,3,31.26187270,34.80148020
region_2_IMG_5868.jpg,2,31.26216667,34.80272778
region_2_IMG_6085.jpg,2,31.26206667,34.80267778
region_0_IMG_5507.jpg,0,31.26186944,34.80422500
region_4_20260117_144904.jpg,4,31.26224220,34.80111210
region_3_20260117_152108.jpg,3,31.26189590,34.80166620
region_2_20260116_164043.jpg,2,31.26199440,34.80271070
region_4_20260117_145941.jpg,4,31.26210770,34.80133980
region_3_20260118_151634.jpg,3,31.26200750,34.80193030
region_2_20260116_162830.jpg,2,31.26202080,34.80263410
region_3_20260118_155514.jpg,3,31.26165140,34.80181580
region_3_20260118_153503.jpg,3,31.26203740,34.80205100
region_3_20260118_153007.jpg,3,31.26189480,34.80202950
region_3_20260117_151638.jpg,3,31.26197920,34.80155230
region_2_IMG_6090.jpg,2,31.26205556,34.80266111
region_2_20260116_164605.jpg,2,31.26197360,34.80250880
region_2_IMG_5932.jpg,2,31.26218889,34.80284167
region_0_IMG_5412.jpg,0,31.26195833,34.80438611
region_3_20260118_151351.jpg,3,31.26167410,34.80184720
region_2_IMG_6051.jpg,2,31.26204167,34.80289167
region_3_20260118_154501.jpg,3,31.26168630,34.80208600
region_0_IMG_5469.jpg,0,31.26213889,34.80430556
region_4_20260117_144722.jpg,4,31.26225650,34.80102650
region_2_IMG_6088.jpg,2,31.26206389,34.80269167
region_3_20260117_151654.jpg,3,31.26197910,34.80157360
region_2_20260116_162543.jpg,2,31.26203820,34.80276320
region_0_IMG_5644.jpg,0,31.26189444,34.80425556
region_3_20260117_151556.jpg,3,31.26165380,34.80152660
region_3_20260118_151039.jpg,3,31.26189100,34.80181260
region_3_20260118_153124.jpg,3,31.26169340,34.80204020
region_2_IMG_5847.jpg,2,31.26215000,34.80259444
region_3_20260117_151327.jpg,3,31.26175690,34.80151040
region_3_20260117_151542.jpg,3,31.26165380,34.80152660
region_0_IMG_5652.jpg,0,31.26186944,34.80421389
region_2_20260116_162707.jpg,2,31.26206410,34.80268850
region_1_IMG_20260111_155030.jpg,1,31.26210140,34.80359590
region_2_IMG_6061.jpg,2,31.26204167,34.80283611
region_2_20260116_163058.jpg,2,31.26194206,34.80262949
region_1_IMG_20260111_154958.jpg,1,31.26213610,34.80358600
region_4_20260117_145931.jpg,4,31.26219600,34.80130530
region_0_IMG_5719.jpg,0,31.26198056,34.80406944
region_3_20260118_153047.jpg,3,31.26182040,34.80201800
region_2_IMG_5801.jpg,2,31.26220556,34.80281944
region_2_IMG_5867.jpg,2,31.26216667,34.80272778
region_2_20260116_164026.jpg,2,31.26195940,34.80263410
region_2_20260116_163136.jpg,2,31.26201110,34.80266860
region_2_20260116_164330.jpg,2,31.26207160,34.80258820
region_0_IMG_5706.jpg,0,31.26206667,34.80408889
region_3_20260117_152202.jpg,3,31.26201300,34.80173220
region_2_20260116_164107.jpg,2,31.26196950,34.80269670
region_2_20260116_163233.jpg,2,31.26193401,34.80267366
region_3_20260118_151531.jpg,3,31.26192720,34.80188990
region_3_20260118_152453.jpg,3,31.26158880,34.80196950
region_2_20260116_164147.jpg,2,31.26195710,34.80280300
region_2_20260116_163405.jpg,2,31.26197969,34.80262865
region_2_20260116_163721.jpg,2,31.26203410,34.80265540
region_3_20260117_152448.jpg,3,31.26168230,34.80175630
region_3_20260118_151316.jpg,3,31.26176600,34.80194050
region_1_IMG_20260111_155200.jpg,1,31.26211560,34.80342400
region_3_20260117_152353.jpg,3,31.26204760,34.80174950
region_4_20260117_142702.jpg,4,31.26182330,34.80100010
region_3_20260117_151834.jpg,3,31.26180010,34.80165490
region_3_20260118_152041.jpg,3,31.26180410,34.80191870
region_4_20260117_141653.jpg,4,31.26171920,34.80085850
region_3_20260117_152310.jpg,3,31.26205630,34.80175240
region_2_IMG_5791.jpg,2,31.26224167,34.80289444
region_3_20260118_155334.jpg,3,31.26205620,34.80206950
region_3_20260118_154017.jpg,3,31.26222890,34.80201420
region_4_20260117_144714.jpg,4,31.26233590,34.80102840
region_3_20260118_151024.jpg,3,31.26208650,34.80183370
region_1_IMG_20260111_154431.jpg,1,31.26213440,34.80352400
region_3_20260117_152635.jpg,3,31.26182620,34.80186070
region_1_IMG_20260111_154058.jpg,1,31.26211550,34.80336790
region_2_20260116_163429.jpg,2,31.26199660,34.80268070
region_3_20260118_153925.jpg,3,31.26228190,34.80206940
region_4_20260117_150131.jpg,4,31.26216940,34.80141380
region_3_20260118_151021.jpg,3,31.26208650,34.80183370
region_3_20260118_152400.jpg,3,31.26175430,34.80191080
region_1_IMG_20260111_155618.jpg,1,31.26211520,34.80358480
region_2_20260116_162808.jpg,2,31.26202080,34.80263410
region_3_20260117_151817.jpg,3,31.26179120,34.80163760
region_1_IMG_20260111_153611.jpg,1,31.26212870,34.80355580
region_0_IMG_5410.jpg,0,31.26196667,34.80438333
region_1_IMG_20260111_154841.jpg,1,31.26212710,34.80355470
region_2_20260116_163328.jpg,2,31.26207151,34.80265397
region_3_20260117_151055.jpg,3,31.26199690,34.80144660
region_3_20260118_151754.jpg,3,31.26178920,34.80186680
region_2_IMG_6065.jpg,2,31.26205000,34.80281111
region_2_20260116_162224.jpg,2,31.26200700,34.80259530
region_3_20260118_154459.jpg,3,31.26168630,34.80208600
region_3_20260117_151532.jpg,3,31.26165380,34.80152660
region_3_20260117_152621.jpg,3,31.26174740,34.80183020
region_0_IMG_5687.jpg,0,31.26210278,34.80421389
region_3_20260118_155719.jpg,3,31.26178703,34.80125260
region_4_20260117_145457.jpg,4,31.26214970,34.80124520
region_4_20260117_150209.jpg,4,31.26227550,34.80137690
region_0_IMG_5578.jpg,0,31.26213611,34.80394444
region_0_IMG_5489.jpg,0,31.26182500,34.80430556
region_1_IMG_20260111_154839.jpg,1,31.26212710,34.80355470
region_2_20260116_162324.jpg,2,31.26202060,34.80275690
region_4_20260117_145344.jpg,4,31.26231610,34.80119710
region_2_20260116_164834.jpg,2,31.26199900,34.80277350
region_2_20260116_163143.jpg,2,31.26185990,34.80269560
region_4_20260117_144916.jpg,4,31.26224220,34.80111210
region_2_IMG_5864.jpg,2,31.26216944,34.80268889
region_4_20260117_144606.jpg,4,31.26207060,34.80112910
region_3_20260118_152331.jpg,3,31.26186550,34.80192260
region_2_20260116_164306.jpg,2,31.26207160,34.80258820
region_0_IMG_5736.jpg,0,31.26193333,34.80403889
region_1_IMG_20260111_155452.jpg,1,31.26208630,34.80353900
region_3_20260118_151255.jpg,3,31.26165330,34.80180190
region_3_20260118_152218.jpg,3,31.26198080,34.80199300
region_4_20260117_144858.jpg,4,31.26224220,34.80111210
region_3_20260117_152307.jpg,3,31.26200960,34.80167980
region_4_20260117_145506.jpg,4,31.26214970,34.80124520
region_3_20260118_151026.jpg,3,31.26208650,34.80183370
region_2_IMG_5811.jpg,2,31.26220833,34.80270278
region_4_20260117_145438.jpg,4,31.26219320,34.80125360
region_3_20260118_154631.jpg,3,31.26189940,34.80198760
region_4_20260117_143814.jpg,4,31.26192220,34.80123530
region_4_20260117_143439.jpg,4,31.26192200,34.80137080
region_2_20260116_164344.jpg,2,31.26206310,34.80260140
region_2_20260116_164715.jpg,2,31.26197550,34.80265080
region_0_IMG_5389.jpg,0,31.26165833,34.80434444
region_3_20260118_153533.jpg,3,31.26203740,34.80205100
region_3_20260117_151243.jpg,3,31.26196670,34.80146840
region_2_20260116_164638.jpg,2,31.26197360,34.80250880
region_3_20260118_154315.jpg,3,31.26176690,34.80207720
region_4_20260117_141735.jpg,4,31.26171920,34.80085850
region_1_IMG_20260111_155552.jpg,1,31.26194700,34.80350670
region_4_20260117_144843.jpg,4,31.26235590,34.80103400
region_3_20260117_151705.jpg,3,31.26199570,34.80159850
region_2_20260116_162148.jpg,2,31.26201812,34.80277500
region_1_IMG_20260111_154231.jpg,1,31.26216970,34.80342690
region_3_20260118_153829.jpg,3,31.26233420,34.80208650
region_2_20260116_164529.jpg,2,31.26201690,34.80271740
region_3_20260117_151133.jpg,3,31.26183350,34.80149430
region_2_IMG_5828.jpg,2,31.26216389,34.80260556
region_3_20260117_151339.jpg,3,31.26175690,34.80151040
region_2_20260116_164820.jpg,2,31.26199900,34.80277350
region_3_20260118_152119.jpg,3,31.26191380,34.80197050
region_2_20260116_164634.jpg,2,31.26197360,34.80250880
region_1_IMG_20260111_154144.jpg,1,31.26214530,34.80360010
region_2_IMG_5777.jpg,2,31.26216389,34.80279444
region_4_20260117_142028.jpg,4,31.26168660,34.80119530
region_2_IMG_5844.jpg,2,31.26214722,34.80255000
region_0_IMG_5675.jpg,0,31.26206111,34.80416111
region_3_20260117_152006.jpg,3,31.26172130,34.80170940
region_2_IMG_5983.jpg,2,31.26210278,34.80251944
region_2_20260116_162300.jpg,2,31.26202060,34.80275690
region_3_20260118_153016.jpg,3,31.26178670,34.80200050
region_3_20260118_152426.jpg,3,31.26172760,34.80200960
region_0_IMG_5394.jpg,0,31.26166667,34.80434722
region_3_20260117_152114.jpg,3,31.26189590,34.80166620
region_0_IMG_5570.jpg,0,31.26213889,34.80393611
region_2_20260116_163620.jpg,2,31.26196580,34.80267110
region_2_20260116_162128.jpg,2,31.26201810,34.80277500
region_3_20260118_154512.jpg,3,31.26168630,34.80208600
region_2_IMG_6070.jpg,2,31.26205278,34.80278056
region_1_IMG_20260111_153853.jpg,1,31.26213740,34.80341660
region_3_20260118_152220.jpg,3,31.26211920,34.80192080
region_3_20260118_155552.jpg,3,31.26182660,34.80172420
region_3_20260117_152116.jpg,3,31.26189590,34.80166620
region_4_20260117_144733.jpg,4,31.26228510,34.80105450
region_2_IMG_5907.jpg,2,31.26215278,34.80298889
region_3_20260117_152049.jpg,3,31.26174930,34.80165450
region_3_20260118_155351.jpg,3,31.26205620,34.80206950
region_1_IMG_20260111_153637.jpg,1,31.26185630,34.80347770
region_0_IMG_5545.jpg,0,31.26180000,34.80365833
region_4_20260117_144522.jpg,4,31.26197420,34.80108560
region_3_20260118_154647.jpg,3,31.26189940,34.80198760
region_4_20260117_145702.jpg,4,31.26220280,34.80129550
region_2_20260116_163746.jpg,2,31.26193680,34.80270610
region_4_20260117_144051.jpg,4,31.26197800,34.80142360
region_0_IMG_5502.jpg,0,31.26180556,34.80413333
region_2_IMG_5848.jpg,2,31.26214444,34.80259444
region_4_20260117_145010.jpg,4,31.26197900,34.80120010
region_3_20260117_151057.jpg,3,31.26199690,34.80144660
region_3_20260118_152154.jpg,3,31.26200780,34.80195810
region_4_20260117_142959.jpg,4,31.26179980,34.80134360
region_2_IMG_5930.jpg,2,31.26215278,34.80283056
region_2_20260116_164210.jpg,2,31.26195710,34.80280300
region_4_20260117_150405.jpg,4,31.26209150,34.80142890
region_2_20260116_164203.jpg,2,31.26195710,34.80280300
region_2_IMG_5836.jpg,2,31.26216389,34.80251944
region_3_20260117_151040.jpg,3,31.26199690,34.80144660
region_2_20260116_162209.jpg,2,31.26200700,34.80259530
region_0_IMG_5485.jpg,0,31.26183889,34.80428611
region_2_20260116_162911.jpg,2,31.26202460,34.80248290
region_2_20260116_163007.jpg,2,31.26194280,34.80252360
region_2_20260116_164733.jpg,2,31.26197550,34.80265080
region_2_IMG_5924.jpg,2,31.26214444,34.80286389
region_3_20260117_152729.jpg,3,31.26192332,34.80187135
region_2_20260116_162329.jpg,2,31.26202064,34.80275698
region_2_20260116_162907.jpg,2,31.26202460,34.80248290
region_3_20260118_151214.jpg,3,31.26170890,34.80183110
region_0_IMG_5547.jpg,0,31.26183889,34.80367778
region_2_IMG_6059.jpg,2,31.26205278,34.80287500
region_1_IMG_20260111_153631.jpg,1,31.26204290,34.80350810
region_1_IMG_20260111_155203.jpg,1,31.26211560,34.80342400
region_4_20260117_145751.jpg,4,31.26230900,34.80133780
region_2_20260116_163417.jpg,2,31.26192610,34.80287040
region_3_20260117_151432.jpg,3,31.26163460,34.80151620
region_2_IMG_5852.jpg,2,31.26214722,34.80262778
region_1_IMG_20260111_155705.jpg,1,31.26212860,34.80354770
region_0_IMG_5490.jpg,0,31.26184167,34.80430278
region_3_20260117_151442.jpg,3,31.26163460,34.80151620
region_1_IMG_20260111_155635.jpg,1,31.26197320,34.80346790
region_1_IMG_20260111_155254.jpg,1,31.26212510,34.80359150
region_2_20260116_163202.jpg,2,31.26193400,34.80267360
region_1_IMG_20260111_155059.jpg,1,31.26208010,34.80349480
region_4_20260117_141916.jpg,4,31.26168430,34.80103180
region_4_20260117_144906.jpg,4,31.26224220,34.80111210
region_3_20260118_154031.jpg,3,31.26222890,34.80201420
region_2_IMG_5940.jpg,2,31.26213889,34.80277222
region_1_IMG_20260111_153520.jpg,1,31.26211340,34.80360240
region_2_20260116_163436.jpg,2,31.26199680,34.80276550
region_2_20260116_162618.jpg,2,31.26202981,34.80274214
region_2_IMG_5957.jpg,2,31.26214444,34.80260833
region_0_IMG_5552.jpg,0,31.26198889,34.80394722
region_2_IMG_5985.jpg,2,31.26210833,34.80250278
region_2_20260116_164809.jpg,2,31.26199900,34.80277350
region_0_IMG_5560.jpg,0,31.26197778,34.80394722
region_1_IMG_20260111_154234.jpg,1,31.26216180,34.80326550
region_3_20260117_151929.jpg,3,31.26172030,34.80167550
region_1_IMG_20260111_154849.jpg,1,31.26212710,34.80355470
region_3_20260118_153804.jpg,3,31.26233420,34.80208650
region_3_20260118_154719.jpg,3,31.26202240,34.80212190
region_2_IMG_6005.jpg,2,31.26209722,34.80266111
region_0_IMG_5536.jpg,0,31.26175833,34.80383056
region_3_20260118_153459.jpg,3,31.26203740,34.80205100
region_1_IMG_20260111_154904.jpg,1,31.26212710,34.80355470
region_4_20260117_144947.jpg,4,31.26209300,34.80115550
region_4_20260117_145557.jpg,4,31.26204150,34.80127400
region_0_IMG_5428.jpg,0,31.26206667,34.80437500
region_3_20260118_154046.jpg,3,31.26222890,34.80201420
region_3_20260117_151848.jpg,3,31.26180010,34.80165490
region_3_20260118_153749.jpg,3,31.26223760,34.80192490
region_3_20260117_152248.jpg,3,31.26205600,34.80176730
region_4_20260117_145708.jpg,4,31.26223530,34.80132900
region_2_20260116_163754.jpg,2,31.26193686,34.80270619
region_4_20260117_142851.jpg,4,31.26178440,34.80122060
region_1_IMG_20260111_154332.jpg,1,31.26210500,34.80351320
region_2_IMG_5858.jpg,2,31.26217500,34.80266667
region_0_IMG_5402.jpg,0,31.26184167,34.80438889
region_0_IMG_5569.jpg,0,31.26213889,34.80393889
region_2_20260116_164139.jpg,2,31.26196950,34.80269670
region_4_20260117_145129.jpg,4,31.26208540,34.80116220
region_4_20260117_142736.jpg,4,31.26182330,34.80100010
region_1_IMG_20260111_153249.jpg,1,31.26183250,34.80349150
region_0_IMG_5597.jpg,0,31.26219722,34.80381667
region_2_20260116_163517.jpg,2,31.26199683,34.80276553
region_4_20260117_145602.jpg,4,31.26204150,34.80127400
region_3_20260118_152057.jpg,3,31.26190320,34.80194420
region_2_20260116_163824.jpg,2,31.26193680,34.80270610
region_4_20260117_142732.jpg,4,31.26182330,34.80100010
region_2_20260116_162448.jpg,2,31.26208870,34.80267340
region_2_IMG_5896.jpg,2,31.26215278,34.80291667
region_2_20260116_162625.jpg,2,31.26202980,34.80274210
region_3_20260118_155538.jpg,3,31.26184100,34.80191630
region_2_20260116_164241.jpg,2,31.26195710,34.80280308
region_2_20260116_164038.jpg,2,31.26195949,34.80263410
region_4_20260117_150558.jpg,4,31.26206330,34.80144610
region_4_20260117_145826.jpg,4,31.26229810,34.80133180
region_1_IMG_20260111_153618.jpg,1,31.26204290,34.80350810
region_1_IMG_20260111_153849.jpg,1,31.26214620,34.80327620
region_4_20260117_150509.jpg,4,31.26210710,34.80144180
region_1_IMG_20260111_154448.jpg,1,31.26213440,34.80352400
region_1_IMG_20260111_153530.jpg,1,31.26211340,34.80360240
region_4_20260117_144013.jpg,4,31.26196190,34.80129200
region_2_20260116_164622.jpg,2,31.26197360,34.80250880
region_3_20260118_153831.jpg,3,31.26233420,34.80208650
region_4_20260117_144116.jpg,4,31.26198750,34.80131660
region_0_IMG_5421.jpg,0,31.26209722,34.80433611
region_3_20260118_152651.jpg,3,31.26187260,34.80196520
region_4_20260117_143429.jpg,4,31.26192200,34.80137080
region_3_20260118_155731.jpg,3,31.26193346,34.80204963
region_2_20260116_164659.jpg,2,31.26197550,34.80265080
region_3_20260118_153132.jpg,3,31.26171850,34.80203260
region_4_20260117_145403.jpg,4,31.26229800,34.80121440
region_1_IMG_20260111_155146.jpg,1,31.26211560,34.80342400
region_2_20260116_164320.jpg,2,31.26207160,34.80258820
region_2_IMG_6006.jpg,2,31.26210000,34.80265833
region_2_20260116_163330.jpg,2,31.26207150,34.80265390
region_0_IMG_5670.jpg,0,31.26189444,34.80413889
region_2_IMG_5921.jpg,2,31.26215000,34.80289444
region_1_IMG_20260111_154412.jpg,1,31.26212280,34.80358320
region_4_20260117_144832.jpg,4,31.26235590,34.80103400
region_3_20260118_152101.jpg,3,31.26190320,34.80194420
region_2_20260116_162656.jpg,2,31.26206410,34.80268850
region_3_20260118_153003.jpg,3,31.26189480,34.80202950
region_0_IMG_5689.jpg,0,31.26208611,34.80422222
region_1_IMG_20260111_153443.jpg,1,31.26183730,34.80346530
region_3_20260118_154117.jpg,3,31.26194930,34.80206480
region_4_20260117_142003.jpg,4,31.26171210,34.80124260
region_3_20260117_152700.jpg,3,31.26186870,34.80182000
region_0_IMG_5427.jpg,0,31.26206667,34.80438333
region_0_IMG_5686.jpg,0,31.26210833,34.80421111
region_4_20260117_144540.jpg,4,31.26197420,34.80108560
region_3_20260117_152646.jpg,3,31.26183320,34.80181560
region_2_20260116_164627.jpg,2,31.26197370,34.80250887
region_4_20260117_143119.jpg,4,31.26183680,34.80118780
region_4_20260117_145409.jpg,4,31.26224690,34.80128140
region_1_IMG_20260111_154335.jpg,1,31.26210500,34.80351320
region_2_IMG_6114.jpg,2,31.26205000,34.80250278
region_2_20260116_163842.jpg,2,31.26200460,34.80271900
region_2_20260116_163225.jpg,2,31.26193400,34.80267360
region_2_IMG_5778.jpg,2,31.26216944,34.80280000
region_4_20260117_144144.jpg,4,31.26200630,34.80130300
region_2_20260116_162457.jpg,2,31.26208870,34.80267340
region_2_20260116_163741.jpg,2,31.26193680,34.80270610
region_2_IMG_5787.jpg,2,31.26234722,34.80307500
region_3_20260118_152517.jpg,3,31.26171960,34.80202150
region_3_20260118_154151.jpg,3,31.26195290,34.80203100
region_4_20260117_145946.jpg,4,31.26210770,34.80133980
region_4_20260117_143832.jpg,4,31.26192220,34.80123530
region_3_20260117_151640.jpg,3,31.26197920,34.80155230
region_0_IMG_5724.jpg,0,31.26193333,34.80403611
region_4_20260117_141901.jpg,4,31.26168430,34.80103180
region_0_IMG_5551.jpg,0,31.26199167,34.80393889
region_3_20260118_155326.jpg,3,31.26205620,34.80206950
region_3_20260118_154600.jpg,3,31.26179910,34.80209850
region_2_20260116_163356.jpg,2,31.26183390,34.80280190
region_3_20260118_154325.jpg,3,31.26167600,34.80200470
region_1_IMG_20260111_153951.jpg,1,31.26184370,34.80322560
region_3_20260117_151149.jpg,3,31.26188670,34.80153450
region_2_20260116_163145.jpg,2,31.26194851,34.80272345
region_4_20260117_144448.jpg,4,31.26189850,34.80110310
region_0_IMG_5667.jpg,0,31.26189444,34.80413889
region_3_20260118_155331.jpg,3,31.26205620,34.80206950
region_0_IMG_5669.jpg,0,31.26189444,34.80413889
region_1_IMG_20260111_155834.jpg,1,31.26206510,34.80355220
region_0_IMG_5717.jpg,0,31.26198889,34.80406944
region_3_20260118_152124.jpg,3,31.26189390,34.80193310
region_0_IMG_5621.jpg,0,31.26205556,34.80424444
region_1_IMG_20260111_155138.jpg,1,31.26204810,34.80354570
region_3_20260118_152725.jpg,3,31.26198250,34.80199470
region_3_20260118_152016.jpg,3,31.26173070,34.80193940
region_3_20260118_151344.jpg,3,31.26173050,34.80191940
region_3_20260118_154746.jpg,3,31.26203090,34.80199400
region_0_IMG_5594.jpg,0,31.26208056,34.80406111
region_0_IMG_5623.jpg,0,31.26206111,34.80425000
region_2_IMG_5776.jpg,2,31.26217500,34.80294167
region_0_IMG_5638.jpg,0,31.26191111,34.80427222
region_3_20260118_153115.jpg,3,31.26164510,34.80198780
region_3_20260118_154625.jpg,3,31.26179910,34.80209850
region_0_IMG_5628.jpg,0,31.26204167,34.80423056
region_2_20260116_162753.jpg,2,31.26202080,34.80263410
region_2_20260116_164540.jpg,2,31.26201690,34.80271740
region_2_20260116_162122.jpg,2,31.26201810,34.80277500
region_1_IMG_20260111_155102.jpg,1,31.26208010,34.80349480
region_3_20260118_151606.jpg,3,31.26202850,34.80180470
region_4_20260117_143955.jpg,4,31.26187160,34.80121680
region_3_20260118_153852.jpg,3,31.26225690,34.80205680
region_3_20260117_151748.jpg,3,31.26188420,34.80161420
region_2_20260116_164322.jpg,2,31.26207160,34.80258820
region_3_20260117_152610.jpg,3,31.26169550,34.80181150
region_2_20260116_163840.jpg,2,31.26200460,34.80271900
region_2_IMG_6092.jpg,2,31.26205000,34.80266667
region_0_IMG_5396.jpg,0,31.26167222,34.80434167
region_2_IMG_6045.jpg,2,31.26208333,34.80294167
region_1_IMG_20260111_155340.jpg,1,31.26212650,34.80356160
region_0_IMG_5629.jpg,0,31.26196944,34.80425278
region_3_20260117_151113.jpg,3,31.26183490,34.80142270
region_2_20260116_162704.jpg,2,31.26206410,34.80268850
region_3_20260118_151451.jpg,3,31.26185370,34.80183230
region_3_20260118_151550.jpg,3,31.26203960,34.80191140
region_3_20260117_151245.jpg,3,31.26196670,34.80146840
region_1_IMG_20260111_155409.jpg,1,31.26210000,34.80359340
region_2_20260116_163159.jpg,2,31.26206470,34.80270590
region_1_IMG_20260111_153303.jpg,1,31.26183400,34.80346550
region_0_IMG_5449.jpg,0,31.26234167,34.80431667
region_3_20260118_153058.jpg,3,31.26171900,34.80194850
region_4_20260117_143406.jpg,4,31.26187390,34.80139440
region_0_IMG_5596.jpg,0,31.26213889,34.80394444
region_1_IMG_20260111_153405.jpg,1,31.26184810,34.80350050
region_3_20260118_153735.jpg,3,31.26223760,34.80192490
region_3_20260117_152320.jpg,3,31.26204760,34.80174950
region_0_IMG_5697.jpg,0,31.26207778,34.80408889
region_2_20260116_163438.jpg,2,31.26199683,34.80276553
region_3_20260118_150955.jpg,3,31.26208650,34.80183370
region_4_20260117_145227.jpg,4,31.26225700,34.80119950
region_1_IMG_20260111_155804.jpg,1,31.26205980,34.80356490
region_4_20260117_150818.jpg,4,31.26232650,34.80157850
region_1_IMG_20260111_154608.jpg,1,31.26217040,34.80330780
region_3_20260117_152424.jpg,3,31.26178160,34.80176260
region_4_20260117_150448.jpg,4,31.26210710,34.80144180
region_4_20260117_145146.jpg,4,31.26210610,34.80114690
region_2_20260116_162146.jpg,2,31.26201810,34.80277500
region_2_20260116_163424.jpg,2,31.26199660,34.80268070
region_1_IMG_20260111_153716.jpg,1,31.26188040,34.80322740
region_2_IMG_5881.jpg,2,31.26215833,34.80281111
region_3_20260117_151142.jpg,3,31.26187830,34.80153460
region_0_IMG_5637.jpg,0,31.26197500,34.80425278
region_1_IMG_20260111_153425.jpg,1,31.26182460,34.80351580
region_4_20260117_143127.jpg,4,31.26183430,34.80127950
region_4_20260117_143422.jpg,4,31.26192200,34.80137080
region_4_20260117_144412.jpg,4,31.26189850,34.80110310
region_0_IMG_5610.jpg,0,31.26255000,34.80371389
region_3_20260118_151103.jpg,3,31.26184670,34.80177750
region_3_20260117_151419.jpg,3,31.26163460,34.80151620
region_3_20260117_151753.jpg,3,31.26187240,34.80163680
region_2_IMG_5943.jpg,2,31.26216111,34.80275278
region_3_20260117_152000.jpg,3,31.26167240,34.80165480
region_4_20260117_143911.jpg,4,31.26187160,34.80121680
region_1_IMG_20260111_153353.jpg,1,31.26184810,34.80350050
region_1_IMG_20260111_153316.jpg,1,31.26187970,34.80340650
region_2_20260116_162130.jpg,2,31.26201810,34.80277500
region_3_20260117_151314.jpg,3,31.26175690,34.80151040
region_3_20260118_151252.jpg,3,31.26165330,34.80180190
region_2_20260116_163317.jpg,2,31.26207151,34.80265397
region_3_20260118_151244.jpg,3,31.26173120,34.80180770
region_3_20260118_154510.jpg,3,31.26168630,34.80208600
region_3_20260118_154341.jpg,3,31.26168240,34.80207230
region_1_IMG_20260111_154410.jpg,1,31.26212970,34.80359140
region_4_20260117_145428.jpg,4,31.26220230,34.80123590
region_2_20260116_162710.jpg,2,31.26206410,34.80268850
region_3_20260118_151544.jpg,3,31.26194280,34.80190740
region_4_20260117_144131.jpg,4,31.26200630,34.80130300
region_2_20260116_164200.jpg,2,31.26195710,34.80280300
region_2_20260116_163218.jpg,2,31.26193400,34.80267360
region_3_20260118_152309.jpg,3,31.26194380,34.80195540
region_4_20260117_145313.jpg,4,31.26227210,34.80118240
region_2_IMG_5845.jpg,2,31.26215000,34.80255000
region_0_IMG_5517.jpg,0,31.26181111,34.80397500
region_0_IMG_5665.jpg,0,31.26190278,34.80416389
region_2_20260116_163022.jpg,2,31.26194280,34.80252360
region_0_IMG_5630.jpg,0,31.26196389,34.80425278
region_4_20260117_142649.jpg,4,31.26181580,34.80096570
region_0_IMG_5679.jpg,0,31.26201667,34.80414167
region_0_IMG_5417.jpg,0,31.26195833,34.80437778
region_4_20260117_150651.jpg,4,31.26223290,34.80143270
region_3_20260118_154850.jpg,3,31.26216630,34.80196670
region_2_20260116_163043.jpg,2,31.26194200,34.80262940
region_3_20260118_153820.jpg,3,31.26233420,34.80208650
region_3_20260118_154848.jpg,3,31.26216630,34.80196670
region_0_IMG_5475.jpg,0,31.26201667,34.80427500
region_2_IMG_5876.jpg,2,31.26215833,34.80278333
region_0_IMG_5651.jpg,0,31.26187222,34.80419444
region_2_20260116_162931.jpg,2,31.26202460,34.80248290
region_2_20260116_163414.jpg,2,31.26189580,34.80284540
region_1_IMG_20260111_154052.jpg,1,31.26211550,34.80336790
region_3_20260117_152505.jpg,3,31.26188400,34.80178920
region_3_20260118_152356.jpg,3,31.26175720,34.80191240
region_3_20260117_152139.jpg,3,31.26199520,34.80169880
region_2_IMG_6022.jpg,2,31.26209167,34.80276944
region_4_20260117_150705.jpg,4,31.26223290,34.80143270
region_4_20260117_144212.jpg,4,31.26200630,34.80130300
region_3_20260117_151046.jpg,3,31.26199690,34.80144660
region_2_20260116_164847.jpg,2,31.26202560,34.80268220
region_2_20260116_162417.jpg,2,31.26208870,34.80267340
region_4_20260117_144846.jpg,4,31.26235590,34.80103400
region_3_20260118_153023.jpg,3,31.26182520,34.80203230
region_2_20260116_162640.jpg,2,31.26206410,34.80268850
region_3_20260117_151751.jpg,3,31.26188420,34.80161420
region_3_20260118_155554.jpg,3,31.26178452,34.80191200
region_3_20260118_152633.jpg,3,31.26178650,34.80195700
region_2_20260116_163834.jpg,2,31.26200460,34.80271900
region_1_IMG_20260111_155345.jpg,1,31.26204900,34.80349900
region_3_20260118_153722.jpg,3,31.26223760,34.80192490
region_3_20260118_151325.jpg,3,31.26163320,34.80187950
region_4_20260117_143922.jpg,4,31.26187160,34.80121680
region_1_IMG_20260111_154258.jpg,1,31.26212320,34.80331350
region_1_IMG_20260111_154206.jpg,1,31.26214670,34.80357060
region_3_20260118_152744.jpg,3,31.26199870,34.80206260
region_0_IMG_5672.jpg,0,31.26189722,34.80427500
region_3_20260118_151553.jpg,3,31.26203690,34.80196930
region_0_IMG_5739.jpg,0,31.26195278,34.80402778
region_4_20260117_150435.jpg,4,31.26210710,34.80144180
region_4_20260117_150054.jpg,4,31.26197910,34.80138500
region_2_20260116_163252.jpg,2,31.26193400,34.80267360
region_0_IMG_5626.jpg,0,31.26205556,34.80425000
region_2_20260116_163235.jpg,2,31.26193400,34.80267360
region_2_20260116_164800.jpg,2,31.26199900,34.80277350
region_2_IMG_5978.jpg,2,31.26210278,34.80248889
region_1_IMG_20260111_153801.jpg,1,31.26187590,34.80325330
region_0_IMG_5468.jpg,0,31.26214167,34.80429444
region_3_20260118_151643.jpg,3,31.26193400,34.80191350
region_2_IMG_5819.jpg,2,31.26221944,34.80265000
region_3_20260118_155422.jpg,3,31.26203150,34.80193450
region_0_IMG_5390.jpg,0,31.26166667,34.80434722
region_3_20260118_152715.jpg,3,31.26198080,34.80202740
region_3_20260118_153032.jpg,3,31.26178900,34.80198760
region_1_IMG_20260111_155235.jpg,1,31.26212590,34.80353330
region_2_IMG_6024.jpg,2,31.26208056,34.80280278
region_4_20260117_145910.jpg,4,31.26221360,34.80133200
region_4_20260117_150710.jpg,4,31.26223290,34.80143270
region_3_20260118_155621.jpg,3,31.26170670,34.80218100
region_4_20260117_145720.jpg,4,31.26228240,34.80131090
region_4_20260117_142916.jpg,4,31.26178440,34.80122060
region_2_20260116_164602.jpg,2,31.26197360,34.80250880
region_4_20260117_142053.jpg,4,31.26168660,34.80119530
region_1_IMG_20260111_153607.jpg,1,31.26212870,34.80355580
region_3_20260118_152122.jpg,3,31.26191380,34.80197050
region_1_IMG_20260111_155652.jpg,1,31.26212290,34.80358770
region_3_20260118_151947.jpg,3,31.26163180,34.80190020
region_2_20260116_163812.jpg,2,31.26193680,34.80270610
region_4_20260117_145625.jpg,4,31.26204150,34.80127400
region_4_20260117_145656.jpg,4,31.26222750,34.80129550
region_0_IMG_5401.jpg,0,31.26184167,34.80439444
region_3_20260117_152554.jpg,3,31.26165170,34.80184240
region_1_IMG_20260111_155148.jpg,1,31.26211560,34.80342400
region_3_20260117_152052.jpg,3,31.26174930,34.80165450
region_2_20260116_164503.jpg,2,31.26201690,34.80271740
region_4_20260117_150856.jpg,4,31.26232650,34.80157850
region_4_20260117_150603.jpg,4,31.26206330,34.80144610
region_4_20260117_142955.jpg,4,31.26179980,34.80134360
region_2_20260116_163855.jpg,2,31.26200460,34.80271900
region_3_20260118_152951.jpg,3,31.26189480,34.80202950
region_4_20260117_144647.jpg,4,31.26214720,34.80101900
region_1_IMG_20260111_153837.jpg,1,31.26214620,34.80327620
region_4_20260117_145640.jpg,4,31.26211620,34.80126020
region_4_20260117_144623.jpg,4,31.26207060,34.80112910
region_0_IMG_5436.jpg,0,31.26226389,34.80432500
region_3_20260118_153815.jpg,3,31.26233420,34.80208650
region_2_20260116_163519.jpg,2,31.26199680,34.80276550
region_3_20260118_152657.jpg,3,31.26192120,34.80203600
region_3_20260118_151127.jpg,3,31.26184670,34.80177750
region_3_20260118_155340.jpg,3,31.26205620,34.80206950
region_2_IMG_6056.jpg,2,31.26204444,34.80288333
region_2_IMG_6069.jpg,2,31.26205000,34.80276944
region_0_IMG_5649.jpg,0,31.26187222,34.80419444
region_3_20260118_155349.jpg,3,31.26205620,34.80206950
region_3_20260117_151737.jpg,3,31.26192240,34.80160900
region_4_20260117_144626.jpg,4,31.26210530,34.80113850
region_1_IMG_20260111_155213.jpg,1,31.26213260,34.80358380
region_4_20260117_142149.jpg,4,31.26174770,34.80112610
region_1_IMG_20260111_155033.jpg,1,31.26210140,34.80359590
region_1_IMG_20260111_153721.jpg,1,31.26188040,34.80322740
region_0_IMG_5581.jpg,0,31.26208056,34.80402778
region_0_IMG_5761.jpg,0,31.26204444,34.80399722
region_3_20260118_151746.jpg,3,31.26175640,34.80188050
region_3_20260118_152155.jpg,3,31.26200780,34.80195810
region_1_IMG_20260111_154541.jpg,1,31.26213430,34.80335810
region_2_20260116_162817.jpg,2,31.26202080,34.80263410
region_2_IMG_5974.jpg,2,31.26213333,34.80247778
region_3_20260117_151049.jpg,3,31.26199690,34.80144660
region_3_20260118_154743.jpg,3,31.26203090,34.80199400
region_3_20260117_151905.jpg,3,31.26173020,34.80161290
region_3_20260118_154756.jpg,3,31.26203090,34.80199400
region_2_20260116_163805.jpg,2,31.26193686,34.80270619
region_3_20260118_153021.jpg,3,31.26189560,34.80204870
region_3_20260118_154051.jpg,3,31.26205380,34.80196330
region_2_20260116_163401.jpg,2,31.26197960,34.80262860
region_4_20260117_150841.jpg,4,31.26232650,34.80157850
region_2_20260116_163831.jpg,2,31.26200460,34.80271900
region_1_IMG_20260111_154738.jpg,1,31.26211667,34.80327667
region_3_20260117_152705.jpg,3,31.26185040,34.80182210
region_4_20260117_143020.jpg,4,31.26179980,34.80134360
region_2_IMG_6113.jpg,2,31.26205000,34.80251389
region_3_20260118_151912.jpg,3,31.26177380,34.80192810
region_4_20260117_143759.jpg,4,31.26192220,34.80123530
region_2_20260116_162648.jpg,2,31.26206410,34.80268850
region_2_IMG_5780.jpg,2,31.26215833,34.80378333
region_4_20260117_145559.jpg,4,31.26204150,34.80127400
region_3_20260118_154240.jpg,3,31.26184990,34.80200740
region_2_20260116_162630.jpg,2,31.26204008,34.80264592
region_0_IMG_5660.jpg,0,31.26190278,34.80417222
region_2_20260116_163907.jpg,2,31.26200460,34.80271900
region_3_20260117_151115.jpg,3,31.26183490,34.80142270
region_2_IMG_5784.jpg,2,31.26234722,34.80300556
region_0_IMG_5520.jpg,0,31.26184722,34.80395833
region_2_20260116_163032.jpg,2,31.26194280,34.80252360
region_0_IMG_5618.jpg,0,31.26205556,34.80424167
region_2_IMG_5820.jpg,2,31.26221944,34.80263611
region_4_20260117_144728.jpg,4,31.26236130,34.80103500
region_2_20260116_162819.jpg,2,31.26202080,34.80263410
region_3_20260118_153921.jpg,3,31.26228190,34.80206940
region_4_20260117_144820.jpg,4,31.26235590,34.80103400
region_4_20260117_142928.jpg,4,31.26178440,34.80122060
region_2_20260116_164004.jpg,2,31.26195940,34.80263410
region_2_IMG_6047.jpg,2,31.26204444,34.80290278
region_3_20260118_150953.jpg,3,31.26208650,34.80183370
region_1_IMG_20260111_155321.jpg,1,31.26213950,34.80354340
region_2_20260116_163336.jpg,2,31.26194550,34.80283400
region_4_20260117_145854.jpg,4,31.26221360,34.80133200
region_3_20260118_152912.jpg,3,31.26189480,34.80202950
region_1_IMG_20260111_155510.jpg,1,31.26202440,34.80358890
region_4_20260117_142742.jpg,4,31.26182330,34.80100010
region_3_20260118_155623.jpg,3,31.26170670,34.80218100
region_0_IMG_5681.jpg,0,31.26201944,34.80415000
region_4_20260117_143224.jpg,4,31.26185410,34.80118840
region_4_20260117_144708.jpg,4,31.26227300,34.80105500
region_4_20260117_145157.jpg,4,31.26215160,34.80117530
region_2_20260116_163858.jpg,2,31.26200460,34.80271900
region_4_20260117_144149.jpg,4,31.26200630,34.80130300
region_2_20260116_162614.jpg,2,31.26202980,34.80274210
region_2_IMG_5947.jpg,2,31.26213611,34.80269167
region_2_IMG_6009.jpg,2,31.26209167,34.80268889
region_1_IMG_20260111_155257.jpg,1,31.26212510,34.80359150
region_2_IMG_5986.jpg,2,31.26212778,34.80253889
region_4_20260117_142758.jpg,4,31.26182890,34.80114380
region_3_20260117_152552.jpg,3,31.26165170,34.80184240
region_4_20260117_150601.jpg,4,31.26206330,34.80144610
region_4_20260117_150531.jpg,4,31.26206330,34.80144610
region_1_IMG_20260111_153457.jpg,1,31.26194240,34.80352940
region_2_20260116_163114.jpg,2,31.26218760,34.80277600
region_0_IMG_5715.jpg,0,31.26195278,34.80408611
region_2_20260116_164412.jpg,2,31.26201716,34.80265732
region_2_20260116_163010.jpg,2,31.26194280,34.80252360
region_4_20260117_143941.jpg,4,31.26187160,34.80121680
region_0_IMG_5576.jpg,0,31.26213333,34.80393333
region_0_IMG_5673.jpg,0,31.26189722,34.80427500
region_4_20260117_145232.jpg,4,31.26217470,34.80121500
region_2_20260116_162155.jpg,2,31.26200700,34.80259530
region_3_20260118_154529.jpg,3,31.26179910,34.80209850
region_2_IMG_5973.jpg,2,31.26213333,34.80250556
region_4_20260117_141852.jpg,4,31.26167520,34.80104250
region_4_20260117_142511.jpg,4,31.26176410,34.80096240
region_2_20260116_164454.jpg,2,31.26201690,34.80271740
region_3_20260118_153800.jpg,3,31.26233420,34.80208650
region_0_IMG_5711.jpg,0,31.26189722,34.80409167
region_2_IMG_6043.jpg,2,31.26208611,34.80294167
region_1_IMG_20260111_154147.jpg,1,31.26214530,34.80360010
region_3_20260118_152944.jpg,3,31.26189480,34.80202950
region_3_20260117_152714.jpg,3,31.26190660,34.80187240
region_4_20260117_145859.jpg,4,31.26221360,34.80133200
region_0_IMG_5566.jpg,0,31.26214167,34.80393889
region_2_20260116_163828.jpg,2,31.26210210,34.80262770
region_3_20260118_155519.jpg,3,31.26182320,34.80109820
region_2_IMG_5900.jpg,2,31.26214722,34.80295556
region_2_IMG_5962.jpg,2,31.26212500,34.80256944
region_1_IMG_20260111_153350.jpg,1,31.26187240,34.80348090
region_2_IMG_6049.jpg,2,31.26204722,34.80291111
region_1_IMG_20260111_153252.jpg,1,31.26183400,34.80346550
region_1_IMG_20260111_153511.jpg,1,31.26211340,34.80360240
region_2_IMG_5870.jpg,2,31.26216944,34.80275278
region_2_20260116_162722.jpg,2,31.26206414,34.80268858
region_1_IMG_20260111_155107.jpg,1,31.26211890,34.80354080
region_2_20260116_164156.jpg,2,31.26195710,34.80280308
region_2_IMG_5885.jpg,2,31.26215000,34.80283333
region_3_20260117_151741.jpg,3,31.26190320,34.80158610
region_4_20260117_145035.jpg,4,31.26194710,34.80124310
region_1_IMG_20260111_155209.jpg,1,31.26213260,34.80358380
region_0_IMG_5414.jpg,0,31.26196111,34.80438333
region_2_20260116_164158.jpg,2,31.26195710,34.80280300
region_3_20260118_154902.jpg,3,31.26216630,34.80196670
region_3_20260117_152435.jpg,3,31.26172540,34.80168390
region_2_20260116_162828.jpg,2,31.26202080,34.80263410
region_3_20260117_151648.jpg,3,31.26197910,34.80157360
region_3_20260118_153159.jpg,3,31.26179390,34.80212820
region_4_20260117_145149.jpg,4,31.26210610,34.80114690
region_4_20260117_143252.jpg,4,31.26185410,34.80118840
region_4_20260117_145526.jpg,4,31.26205970,34.80130920
region_2_20260116_162322.jpg,2,31.26202064,34.80275698
region_3_20260118_154048.jpg,3,31.26222890,34.80201420
region_0_IMG_5497.jpg,0,31.26180000,34.80411667
region_3_20260118_155459.jpg,3,31.26192720,34.80189540
region_3_20260118_152054.jpg,3,31.26192830,34.80195830
region_2_20260116_163112.jpg,2,31.26198630,34.80271200
region_2_20260116_162805.jpg,2,31.26202080,34.80263410
region_1_IMG_20260111_153306.jpg,1,31.26183400,34.80346550
region_0_IMG_5511.jpg,0,31.26181111,34.80394444
region_0_IMG_5519.jpg,0,31.26184167,34.80395000
region_3_20260117_151734.jpg,3,31.26192240,34.80160900
region_3_20260118_154926.jpg,3,31.26234720,34.80195730
region_0_IMG_5745.jpg,0,31.26200000,34.80401111
region_3_20260118_153202.jpg,3,31.26170740,34.80208370
region_4_20260117_150144.jpg,4,31.26222290,34.80138570
region_4_20260117_144527.jpg,4,31.26197420,34.80108560
region_1_IMG_20260111_153514.jpg,1,31.26211340,34.80360240
region_4_20260117_150042.jpg,4,31.26201850,34.80141350
region_1_IMG_20260111_154556.jpg,1,31.26217040,34.80330780
region_2_20260116_162915.jpg,2,31.26202460,34.80248290
region_2_20260116_163338.jpg,2,31.26205219,34.80279629
region_2_20260116_164115.jpg,2,31.26196950,34.80269670
region_4_20260117_150207.jpg,4,31.26227550,34.80137690
region_0_IMG_5491.jpg,0,31.26184167,34.80430278
region_1_IMG_20260111_153754.jpg,1,31.26187590,34.80325330
region_4_20260117_142920.jpg,4,31.26178440,34.80122060
