image_id,sector_label,lat,lon,cluster
region_A_IMG_5419.jpg,0,31.26202778,34.80430556,0
region_A_IMG_5420.jpg,0,31.26209722,34.80433611,0
region_A_IMG_5421.jpg,0,31.26209722,34.80433611,0
region_A_IMG_5422.jpg,0,31.2621,34.80433611,0
region_A_IMG_5423.jpg,0,31.26209167,34.80437222,0
region_A_IMG_5424.jpg,0,31.26208333,34.80437778,0
region_A_IMG_5425.jpg,0,31.26209167,34.80437778,0
region_A_IMG_5426.jpg,0,31.26206944,34.80438333,0
region_A_IMG_5427.jpg,0,31.26206667,34.80438333,0
region_A_IMG_5428.jpg,0,31.26206667,34.804375,0
region_A_IMG_5429.jpg,0,31.26206667,34.804375,0
region_A_IMG_5430.jpg,0,31.26206667,34.804375,0
region_A_IMG_5431.jpg,0,31.26206667,34.804375,0
region_A_IMG_5432.jpg,0,31.262075,34.80436667,0
region_A_IMG_5433.jpg,0,31.26206944,34.80438889,0
region_A_IMG_5461.jpg,0,31.26214167,34.804275,0
region_A_IMG_5462.jpg,0,31.26214167,34.804275,0
region_A_IMG_5463.jpg,0,31.26214167,34.804275,0
region_A_IMG_5464.jpg,0,31.26214167,34.804275,0
region_A_IMG_5466.jpg,0,31.26213889,34.80429444,0
region_A_IMG_5467.jpg,0,31.26214167,34.80429167,0
region_A_IMG_5468.jpg,0,31.26214167,34.80429444,0
region_A_IMG_5471.jpg,0,31.26213889,34.80429444,0
region_A_IMG_5472.jpg,0,31.26214722,34.80428056,0
region_A_IMG_5473.jpg,0,31.26201389,34.80428611,0
region_A_IMG_5474.jpg,0,31.26201389,34.80428611,0
region_A_IMG_5475.jpg,0,31.26201667,34.804275,0
region_A_IMG_5476.jpg,0,31.26198333,34.80430278,0
region_A_IMG_5477.jpg,0,31.26200556,34.80428333,0
region_A_IMG_5478.jpg,0,31.26201389,34.80429444,0
region_A_IMG_5479.jpg,0,31.26201944,34.80429722,0
region_A_IMG_5480.jpg,0,31.26201111,34.80429444,0
region_A_IMG_5481.jpg,0,31.26200556,34.80429722,0
region_A_IMG_5482.jpg,0,31.26201111,34.80429167,0
region_A_IMG_5483.jpg,0,31.26200556,34.80429722,0
region_A_IMG_5484.jpg,0,31.26201111,34.80428611,0
region_A_IMG_5485.jpg,0,31.26183889,34.80428611,0
region_A_IMG_5486.jpg,0,31.26183889,34.80428611,0
region_A_IMG_5487.jpg,0,31.2618,34.80429444,0
region_A_IMG_5488.jpg,0,31.26184167,34.80429722,0
region_A_IMG_5489.jpg,0,31.261825,34.80430556,0
region_A_IMG_5490.jpg,0,31.26184167,34.80430278,0
region_A_IMG_5491.jpg,0,31.26184167,34.80430278,0
region_A_IMG_5492.jpg,0,31.26184167,34.80430278,0
region_A_IMG_5493.jpg,0,31.26184167,34.80429722,0
region_A_IMG_5494.jpg,0,31.26183889,34.80429722,0
region_A_IMG_5495.jpg,0,31.26183611,34.80429167,0
region_A_IMG_5496.jpg,0,31.26183611,34.80429167,0
region_A_IMG_5502.jpg,0,31.26180556,34.80413333,0
region_A_IMG_5503.jpg,0,31.26181111,34.80413056,0
region_A_IMG_5506.jpg,0,31.26180556,34.80413056,0
region_A_IMG_5507.jpg,0,31.26186944,34.804225,0
region_A_IMG_5508.jpg,0,31.26183611,34.80423611,0
region_A_IMG_5509.jpg,0,31.26183611,34.80423611,0
region_A_IMG_5520.jpg,0,31.26184722,34.80395833,0
region_A_IMG_5523.jpg,0,31.26186667,34.80395,0
region_A_IMG_5524.jpg,0,31.261875,34.80396389,0
region_A_IMG_5549.jpg,0,31.26198889,34.80396667,0
region_A_IMG_5550.jpg,0,31.26199444,34.80393889,0
region_A_IMG_5551.jpg,0,31.26199167,34.80393889,0
region_A_IMG_5552.jpg,0,31.26198889,34.80394722,0
region_A_IMG_5553.jpg,0,31.26198889,34.80395,0
region_A_IMG_5554.jpg,0,31.26198333,34.80395,0
region_A_IMG_5555.jpg,0,31.26198889,34.80394444,0
region_A_IMG_5556.jpg,0,31.26198611,34.80394444,0
region_A_IMG_5557.jpg,0,31.26198333,34.80394444,0
region_A_IMG_5558.jpg,0,31.26198056,34.80394444,0
region_A_IMG_5559.jpg,0,31.26198056,34.80394444,0
region_A_IMG_5560.jpg,0,31.26197778,34.80394722,0
region_A_IMG_5561.jpg,0,31.26197778,34.80395,0
region_A_IMG_5562.jpg,0,31.261975,34.80395556,0
region_A_IMG_5563.jpg,0,31.26197778,34.80396389,0
region_A_IMG_5564.jpg,0,31.26198056,34.80396667,0
region_A_IMG_5565.jpg,0,31.26214167,34.80393889,0
region_A_IMG_5566.jpg,0,31.26214167,34.80393889,0
region_A_IMG_5567.jpg,0,31.26214167,34.80393889,0
region_A_IMG_5568.jpg,0,31.26214167,34.80393889,0
region_A_IMG_5569.jpg,0,31.26213889,34.80393889,0
region_A_IMG_5570.jpg,0,31.26213889,34.80393611,0
region_A_IMG_5571.jpg,0,31.26213889,34.80393611,0
region_A_IMG_5572.jpg,0,31.26213889,34.80393333,0
region_A_IMG_5576.jpg,0,31.26213333,34.80393333,0
region_A_IMG_5577.jpg,0,31.26213611,34.80394444,0
region_A_IMG_5578.jpg,0,31.26213611,34.80394444,0
region_A_IMG_5579.jpg,0,31.26211667,34.804,0
region_A_IMG_5580.jpg,0,31.26209722,34.80401667,0
region_A_IMG_5581.jpg,0,31.26208056,34.80402778,0
region_A_IMG_5591.jpg,0,31.26208611,34.80406667,0
region_A_IMG_5592.jpg,0,31.26208611,34.80406667,0
region_A_IMG_5593.jpg,0,31.26208611,34.80406667,0
region_A_IMG_5594.jpg,0,31.26208056,34.80406111,0
region_A_IMG_5595.jpg,0,31.26208056,34.80406111,0
region_A_IMG_5596.jpg,0,31.26213889,34.80394444,0
region_A_IMG_5617.jpg,0,31.26204722,34.80424167,0
region_A_IMG_5618.jpg,0,31.26205556,34.80424167,0
region_A_IMG_5619.jpg,0,31.26205556,34.80424167,0
region_A_IMG_5620.jpg,0,31.26205556,34.80424167,0
region_A_IMG_5621.jpg,0,31.26205556,34.80424444,0
region_A_IMG_5622.jpg,0,31.26205833,34.80424444,0
region_A_IMG_5623.jpg,0,31.26206111,34.80425,0
region_A_IMG_5624.jpg,0,31.26205833,34.80425556,0
region_A_IMG_5625.jpg,0,31.26205278,34.80425278,0
region_A_IMG_5626.jpg,0,31.26205556,34.80425,0
region_A_IMG_5627.jpg,0,31.26204167,34.80423056,0
region_A_IMG_5628.jpg,0,31.26204167,34.80423056,0
region_A_IMG_5629.jpg,0,31.26196944,34.80425278,0
region_A_IMG_5630.jpg,0,31.26196389,34.80425278,0
region_A_IMG_5631.jpg,0,31.26196389,34.80425278,0
region_A_IMG_5632.jpg,0,31.26196667,34.80425,0
region_A_IMG_5633.jpg,0,31.26196944,34.80425,0
region_A_IMG_5634.jpg,0,31.26196944,34.80425,0
region_A_IMG_5635.jpg,0,31.26196944,34.80425278,0
region_A_IMG_5636.jpg,0,31.26196944,34.80425278,0
region_A_IMG_5637.jpg,0,31.261975,34.80425278,0
region_A_IMG_5638.jpg,0,31.26191111,34.80427222,0
region_A_IMG_5639.jpg,0,31.26190278,34.80427222,0
region_A_IMG_5640.jpg,0,31.26190278,34.80426389,0
region_A_IMG_5641.jpg,0,31.26190278,34.80426389,0
region_A_IMG_5642.jpg,0,31.26189444,34.80426111,0
region_A_IMG_5643.jpg,0,31.26189444,34.80425556,0
region_A_IMG_5644.jpg,0,31.26189444,34.80425556,0
region_A_IMG_5645.jpg,0,31.26189167,34.80426111,0
region_A_IMG_5646.jpg,0,31.26188889,34.80426111,0
region_A_IMG_5647.jpg,0,31.26187222,34.80420278,0
region_A_IMG_5648.jpg,0,31.26187222,34.80420278,0
region_A_IMG_5649.jpg,0,31.26187222,34.80419444,0
region_A_IMG_5650.jpg,0,31.26187222,34.80419444,0
region_A_IMG_5651.jpg,0,31.26187222,34.80419444,0
region_A_IMG_5652.jpg,0,31.26186944,34.80421389,0
region_A_IMG_5653.jpg,0,31.26186667,34.80420556,0
region_A_IMG_5654.jpg,0,31.26186944,34.80421111,0
region_A_IMG_5655.jpg,0,31.26187778,34.80421111,0
region_A_IMG_5656.jpg,0,31.26186944,34.80421944,0
region_A_IMG_5657.jpg,0,31.26185278,34.80422222,0
region_A_IMG_5658.jpg,0,31.26190278,34.80416944,0
region_A_IMG_5659.jpg,0,31.26190278,34.80416944,0
region_A_IMG_5660.jpg,0,31.26190278,34.80417222,0
region_A_IMG_5661.jpg,0,31.26190556,34.80417222,0
region_A_IMG_5662.jpg,0,31.26190556,34.80416944,0
region_A_IMG_5663.jpg,0,31.26190278,34.80416944,0
region_A_IMG_5664.jpg,0,31.26190278,34.80416944,0
region_A_IMG_5665.jpg,0,31.26190278,34.80416389,0
region_A_IMG_5666.jpg,0,31.2619,34.80415,0
region_A_IMG_5667.jpg,0,31.26189444,34.80413889,0
region_A_IMG_5668.jpg,0,31.26189444,34.80413889,0
region_A_IMG_5669.jpg,0,31.26189444,34.80413889,0
region_A_IMG_5670.jpg,0,31.26189444,34.80413889,0
region_A_IMG_5671.jpg,0,31.26192222,34.80421111,0
region_A_IMG_5672.jpg,0,31.26189722,34.804275,0
region_A_IMG_5673.jpg,0,31.26189722,34.804275,0
region_A_IMG_5674.jpg,0,31.26196111,34.80418889,0
region_A_IMG_5675.jpg,0,31.26206111,34.80416111,0
region_A_IMG_5676.jpg,0,31.26206111,34.80416111,0
region_A_IMG_5677.jpg,0,31.262025,34.80415278,0
region_A_IMG_5678.jpg,0,31.26201111,34.80414167,0
region_A_IMG_5679.jpg,0,31.26201667,34.80414167,0
region_A_IMG_5680.jpg,0,31.262025,34.80414444,0
region_A_IMG_5681.jpg,0,31.26201944,34.80415,0
region_A_IMG_5682.jpg,0,31.26201667,34.80414444,0
region_A_IMG_5683.jpg,0,31.26211667,34.80421389,0
region_A_IMG_5684.jpg,0,31.26211389,34.80421111,0
region_A_IMG_5685.jpg,0,31.26211111,34.80421111,0
region_A_IMG_5686.jpg,0,31.26210833,34.80421111,0
region_A_IMG_5687.jpg,0,31.26210278,34.80421389,0
region_A_IMG_5688.jpg,0,31.26210278,34.80421389,0
region_A_IMG_5689.jpg,0,31.26208611,34.80422222,0
region_A_IMG_5690.jpg,0,31.26208333,34.80421944,0
region_A_IMG_5691.jpg,0,31.26208333,34.80421944,0
region_A_IMG_5692.jpg,0,31.26208333,34.80421944,0
region_A_IMG_5693.jpg,0,31.26206111,34.80423611,0
region_A_IMG_5694.jpg,0,31.26207222,34.80423333,0
region_A_IMG_5695.jpg,0,31.26208056,34.80408889,0
region_A_IMG_5696.jpg,0,31.26208333,34.80409167,0
region_A_IMG_5697.jpg,0,31.26207778,34.80408889,0
region_A_IMG_5698.jpg,0,31.26206111,34.80406667,0
region_A_IMG_5699.jpg,0,31.26205556,34.80406944,0
region_A_IMG_5700.jpg,0,31.26205278,34.80406111,0
region_A_IMG_5701.jpg,0,31.26206111,34.80406111,0
region_A_IMG_5702.jpg,0,31.26205278,34.80406111,0
region_A_IMG_5703.jpg,0,31.26206111,34.80406667,0
region_A_IMG_5704.jpg,0,31.26206111,34.80408889,0
region_A_IMG_5705.jpg,0,31.26205,34.80407222,0
region_A_IMG_5706.jpg,0,31.26206667,34.80408889,0
region_A_IMG_5707.jpg,0,31.26207222,34.80408889,0
region_A_IMG_5708.jpg,0,31.26195833,34.80408056,0
region_A_IMG_5709.jpg,0,31.26194722,34.80409722,0
region_A_IMG_5710.jpg,0,31.26189722,34.80409722,0
region_A_IMG_5711.jpg,0,31.26189722,34.80409167,0
region_A_IMG_5712.jpg,0,31.26191944,34.80408056,0
region_A_IMG_5713.jpg,0,31.26192222,34.80407778,0
region_A_IMG_5714.jpg,0,31.26192778,34.80407778,0
region_A_IMG_5715.jpg,0,31.26195278,34.80408611,0
region_A_IMG_5716.jpg,0,31.26195833,34.80408889,0
region_A_IMG_5717.jpg,0,31.26198889,34.80406944,0
region_A_IMG_5718.jpg,0,31.26198056,34.80406944,0
region_A_IMG_5719.jpg,0,31.26198056,34.80406944,0
region_A_IMG_5720.jpg,0,31.26200556,34.80396389,0
region_A_IMG_5721.jpg,0,31.26200556,34.80396667,0
region_A_IMG_5722.jpg,0,31.26190278,34.80408889,0
region_A_IMG_5723.jpg,0,31.26189722,34.80403611,0
region_A_IMG_5724.jpg,0,31.26193333,34.80403611,0
region_A_IMG_5725.jpg,0,31.26193333,34.80403611,0
region_A_IMG_5726.jpg,0,31.26191111,34.80404167,0
region_A_IMG_5727.jpg,0,31.26191389,34.80404167,0
region_A_IMG_5728.jpg,0,31.26190833,34.80403056,0
region_A_IMG_5729.jpg,0,31.26190278,34.80403611,0
region_A_IMG_5730.jpg,0,31.26186389,34.80401667,0
region_A_IMG_5731.jpg,0,31.26186111,34.80402778,0
region_A_IMG_5732.jpg,0,31.26185556,34.80404167,0
region_A_IMG_5733.jpg,0,31.26196111,34.80401944,0
region_A_IMG_5734.jpg,0,31.26196944,34.80401111,0
region_A_IMG_5735.jpg,0,31.26193889,34.80403889,0
region_A_IMG_5736.jpg,0,31.26193333,34.80403889,0
region_A_IMG_5737.jpg,0,31.26191389,34.80402778,0
region_A_IMG_5738.jpg,0,31.26194444,34.80404722,0
region_A_IMG_5739.jpg,0,31.26195278,34.80402778,0
region_A_IMG_5740.jpg,0,31.26195278,34.804025,0
region_A_IMG_5741.jpg,0,31.26196944,34.80401111,0
region_A_IMG_5742.jpg,0,31.26197778,34.80401667,0
region_A_IMG_5743.jpg,0,31.26199722,34.804025,0
region_A_IMG_5744.jpg,0,31.26199444,34.80403056,0
region_A_IMG_5745.jpg,0,31.262,34.80401111,0
region_A_IMG_5746.jpg,0,31.26201389,34.80401111,0
region_A_IMG_5747.jpg,0,31.26200833,34.80400833,0
region_A_IMG_5748.jpg,0,31.262,34.80401944,0
region_A_IMG_5749.jpg,0,31.26199167,34.80400833,0
region_A_IMG_5750.jpg,0,31.26199444,34.804,0
region_A_IMG_5751.jpg,0,31.26199444,34.804,0
region_A_IMG_5752.jpg,0,31.26199444,34.804,0
region_A_IMG_5753.jpg,0,31.26199722,34.804,0
region_A_IMG_5754.jpg,0,31.26199722,34.80398889,0
region_A_IMG_5755.jpg,0,31.26199722,34.804,0
region_A_IMG_5756.jpg,0,31.26199722,34.804,0
region_A_IMG_5757.jpg,0,31.26201111,34.804,0
region_A_IMG_5758.jpg,0,31.26198611,34.80409167,0
region_A_IMG_5759.jpg,0,31.26203611,34.80400833,0
region_A_IMG_5760.jpg,0,31.26201667,34.80402778,0
region_A_IMG_5761.jpg,0,31.26204444,34.80399722,0
region_A_IMG_5762.jpg,0,31.26206667,34.80399444,0
region_B_IMG_20260111_153235.jpg,1,31.2618325,34.8034915,1
region_B_IMG_20260111_153239.jpg,1,31.2618325,34.8034915,1
region_B_IMG_20260111_153242.jpg,1,31.2618325,34.8034915,1
region_B_IMG_20260111_153245.jpg,1,31.2618325,34.8034915,1
region_B_IMG_20260111_153249.jpg,1,31.2618325,34.8034915,1
region_B_IMG_20260111_153252.jpg,1,31.261834,34.8034655,1
region_B_IMG_20260111_153256.jpg,1,31.261834,34.8034655,1
region_B_IMG_20260111_153259.jpg,1,31.261834,34.8034655,1
region_B_IMG_20260111_153303.jpg,1,31.261834,34.8034655,1
region_B_IMG_20260111_153306.jpg,1,31.261834,34.8034655,1
region_B_IMG_20260111_153310.jpg,1,31.261834,34.8034655,1
region_B_IMG_20260111_153313.jpg,1,31.2618797,34.8034065,1
region_B_IMG_20260111_153316.jpg,1,31.2618797,34.8034065,1
region_B_IMG_20260111_153319.jpg,1,31.2618797,34.8034065,1
region_B_IMG_20260111_153323.jpg,1,31.2618797,34.8034065,1
region_B_IMG_20260111_153328.jpg,1,31.2618797,34.8034065,1
region_B_IMG_20260111_153332.jpg,1,31.2618724,34.8034809,1
region_B_IMG_20260111_153334.jpg,1,31.2618724,34.8034809,1
region_B_IMG_20260111_153337.jpg,1,31.2618724,34.8034809,1
region_B_IMG_20260111_153341.jpg,1,31.2618724,34.8034809,1
region_B_IMG_20260111_153344.jpg,1,31.2618724,34.8034809,1
region_B_IMG_20260111_153347.jpg,1,31.2618724,34.8034809,1
region_B_IMG_20260111_153350.jpg,1,31.2618724,34.8034809,1
region_B_IMG_20260111_153353.jpg,1,31.2618481,34.8035005,1
region_B_IMG_20260111_153356.jpg,1,31.2618481,34.8035005,1
region_B_IMG_20260111_153359.jpg,1,31.2618481,34.8035005,1
region_B_IMG_20260111_153402.jpg,1,31.2618481,34.8035005,1
region_B_IMG_20260111_153405.jpg,1,31.2618481,34.8035005,1
region_B_IMG_20260111_153408.jpg,1,31.2618481,34.8035005,1
region_B_IMG_20260111_153425.jpg,1,31.2618246,34.8035158,1
region_B_IMG_20260111_153429.jpg,1,31.2618246,34.8035158,1
region_B_IMG_20260111_153431.jpg,1,31.2618373,34.8034653,1
region_B_IMG_20260111_153434.jpg,1,31.2618373,34.8034653,1
region_B_IMG_20260111_153437.jpg,1,31.2618373,34.8034653,1
region_B_IMG_20260111_153440.jpg,1,31.2618373,34.8034653,1
region_B_IMG_20260111_153443.jpg,1,31.2618373,34.8034653,1
region_B_IMG_20260111_153447.jpg,1,31.2618373,34.8034653,1
region_B_IMG_20260111_153450.jpg,1,31.2618373,34.8034653,1
region_B_IMG_20260111_153454.jpg,1,31.2619424,34.8035294,1
region_B_IMG_20260111_153457.jpg,1,31.2619424,34.8035294,1
region_B_IMG_20260111_153500.jpg,1,31.2619424,34.8035294,1
region_B_IMG_20260111_153502.jpg,1,31.2619424,34.8035294,1
region_B_IMG_20260111_153505.jpg,1,31.2619424,34.8035294,1
region_B_IMG_20260111_153508.jpg,1,31.2619424,34.8035294,1
region_B_IMG_20260111_153511.jpg,1,31.2621134,34.8036024,1
region_B_IMG_20260111_153514.jpg,1,31.2621134,34.8036024,1
region_B_IMG_20260111_153517.jpg,1,31.2621134,34.8036024,1
region_B_IMG_20260111_153520.jpg,1,31.2621134,34.8036024,1
region_B_IMG_20260111_153524.jpg,1,31.2621134,34.8036024,1
region_B_IMG_20260111_153527.jpg,1,31.2621134,34.8036024,1
region_B_IMG_20260111_153530.jpg,1,31.2621134,34.8036024,1
region_B_IMG_20260111_153536.jpg,1,31.2621559,34.8035485,1
region_B_IMG_20260111_153539.jpg,1,31.2621559,34.8035485,1
region_B_IMG_20260111_153542.jpg,1,31.2621559,34.8035485,1
region_B_IMG_20260111_153545.jpg,1,31.2621559,34.8035485,1
region_B_IMG_20260111_153548.jpg,1,31.2621559,34.8035485,1
region_B_IMG_20260111_153551.jpg,1,31.2621287,34.8035558,1
region_B_IMG_20260111_153555.jpg,1,31.2621287,34.8035558,1
region_B_IMG_20260111_153557.jpg,1,31.2621287,34.8035558,1
region_B_IMG_20260111_153601.jpg,1,31.2621287,34.8035558,1
region_B_IMG_20260111_153604.jpg,1,31.2621287,34.8035558,1
region_B_IMG_20260111_153607.jpg,1,31.2621287,34.8035558,1
region_B_IMG_20260111_153611.jpg,1,31.2621287,34.8035558,1
region_B_IMG_20260111_153614.jpg,1,31.2620429,34.8035081,1
region_B_IMG_20260111_153618.jpg,1,31.2620429,34.8035081,1
region_B_IMG_20260111_153621.jpg,1,31.2620429,34.8035081,1
region_B_IMG_20260111_153624.jpg,1,31.2620429,34.8035081,1
region_B_IMG_20260111_153627.jpg,1,31.2620429,34.8035081,1
region_B_IMG_20260111_153631.jpg,1,31.2620429,34.8035081,1
region_B_IMG_20260111_153634.jpg,1,31.2618563,34.8034777,1
region_B_IMG_20260111_153637.jpg,1,31.2618563,34.8034777,1
region_B_IMG_20260111_153641.jpg,1,31.2618563,34.8034777,1
region_B_IMG_20260111_153644.jpg,1,31.2618563,34.8034777,1
region_B_IMG_20260111_153738.jpg,1,31.2619805,34.8035136,1
region_B_IMG_20260111_153741.jpg,1,31.2619805,34.8035136,1
region_B_IMG_20260111_153744.jpg,1,31.2619805,34.8035136,1
region_B_IMG_20260111_153747.jpg,1,31.2619805,34.8035136,1
region_B_IMG_20260111_153750.jpg,1,31.2619805,34.8035136,1
region_B_IMG_20260111_153814.jpg,1,31.2621323,34.8035488,1
region_B_IMG_20260111_153817.jpg,1,31.2621323,34.8035488,1
region_B_IMG_20260111_153821.jpg,1,31.2621323,34.8035488,1
region_B_IMG_20260111_153824.jpg,1,31.2621323,34.8035488,1
region_B_IMG_20260111_153827.jpg,1,31.2621323,34.8035488,1
region_B_IMG_20260111_153830.jpg,1,31.2621323,34.8035488,1
region_B_IMG_20260111_153834.jpg,1,31.2621462,34.8032762,1
region_B_IMG_20260111_153837.jpg,1,31.2621462,34.8032762,1
region_B_IMG_20260111_153843.jpg,1,31.2621462,34.8032762,1
region_B_IMG_20260111_153846.jpg,1,31.2621462,34.8032762,1
region_B_IMG_20260111_153849.jpg,1,31.2621462,34.8032762,1
region_B_IMG_20260111_153853.jpg,1,31.2621374,34.8034166,1
region_B_IMG_20260111_153856.jpg,1,31.2621374,34.8034166,1
region_B_IMG_20260111_153859.jpg,1,31.2621374,34.8034166,1
region_B_IMG_20260111_153902.jpg,1,31.2621374,34.8034166,1
region_B_IMG_20260111_153905.jpg,1,31.2621374,34.8034166,1
region_B_IMG_20260111_153909.jpg,1,31.2621374,34.8034166,1
region_B_IMG_20260111_153912.jpg,1,31.2620977,34.803352,1
region_B_IMG_20260111_153914.jpg,1,31.2620977,34.803352,1
region_B_IMG_20260111_153917.jpg,1,31.2620977,34.803352,1
region_B_IMG_20260111_153920.jpg,1,31.2620977,34.803352,1
region_B_IMG_20260111_153923.jpg,1,31.2620977,34.803352,1
region_B_IMG_20260111_153927.jpg,1,31.2620977,34.803352,1
region_B_IMG_20260111_153930.jpg,1,31.2620977,34.803352,1
region_B_IMG_20260111_154036.jpg,1,31.2621076,34.8033152,1
region_B_IMG_20260111_154039.jpg,1,31.2621076,34.8033152,1
region_B_IMG_20260111_154043.jpg,1,31.2621076,34.8033152,1
region_B_IMG_20260111_154052.jpg,1,31.2621155,34.8033679,1
region_B_IMG_20260111_154055.jpg,1,31.2621155,34.8033679,1
region_B_IMG_20260111_154058.jpg,1,31.2621155,34.8033679,1
region_B_IMG_20260111_154102.jpg,1,31.2621155,34.8033679,1
region_B_IMG_20260111_154105.jpg,1,31.2621155,34.8033679,1
region_B_IMG_20260111_154108.jpg,1,31.2621155,34.8033679,1
region_B_IMG_20260111_154112.jpg,1,31.2620997,34.8034414,1
region_B_IMG_20260111_154117.jpg,1,31.2620997,34.8034414,1
region_B_IMG_20260111_154120.jpg,1,31.2620997,34.8034414,1
region_B_IMG_20260111_154123.jpg,1,31.2620997,34.8034414,1
region_B_IMG_20260111_154124.jpg,1,31.2620997,34.8034414,1
region_B_IMG_20260111_154127.jpg,1,31.2620997,34.8034414,1
region_B_IMG_20260111_154130.jpg,1,31.2620997,34.8034414,1
region_B_IMG_20260111_154133.jpg,1,31.2621453,34.8036001,1
region_B_IMG_20260111_154141.jpg,1,31.2621453,34.8036001,1
region_B_IMG_20260111_154144.jpg,1,31.2621453,34.8036001,1
region_B_IMG_20260111_154147.jpg,1,31.2621453,34.8036001,1
region_B_IMG_20260111_154155.jpg,1,31.2621467,34.8035706,1
region_B_IMG_20260111_154159.jpg,1,31.2621467,34.8035706,1
region_B_IMG_20260111_154203.jpg,1,31.2621467,34.8035706,1
region_B_IMG_20260111_154206.jpg,1,31.2621467,34.8035706,1
region_B_IMG_20260111_154210.jpg,1,31.2621467,34.8035706,1
region_B_IMG_20260111_154213.jpg,1,31.2621697,34.8034269,1
region_B_IMG_20260111_154217.jpg,1,31.2621697,34.8034269,1
region_B_IMG_20260111_154224.jpg,1,31.2621697,34.8034269,1
region_B_IMG_20260111_154227.jpg,1,31.2621697,34.8034269,1
region_B_IMG_20260111_154231.jpg,1,31.2621697,34.8034269,1
region_B_IMG_20260111_154234.jpg,1,31.2621618,34.8032655,1
region_B_IMG_20260111_154237.jpg,1,31.2621618,34.8032655,1
region_B_IMG_20260111_154241.jpg,1,31.2621618,34.8032655,1
region_B_IMG_20260111_154258.jpg,1,31.2621232,34.8033135,1
region_B_IMG_20260111_154302.jpg,1,31.2621232,34.8033135,1
region_B_IMG_20260111_154306.jpg,1,31.2621232,34.8033135,1
region_B_IMG_20260111_154309.jpg,1,31.2621232,34.8033135,1
region_B_IMG_20260111_154313.jpg,1,31.2620725,34.8035104,1
region_B_IMG_20260111_154316.jpg,1,31.2620725,34.8035104,1
region_B_IMG_20260111_154320.jpg,1,31.2620725,34.8035104,1
region_B_IMG_20260111_154323.jpg,1,31.2620725,34.8035104,1
region_B_IMG_20260111_154326.jpg,1,31.2620725,34.8035104,1
region_B_IMG_20260111_154329.jpg,1,31.2620725,34.8035104,1
region_B_IMG_20260111_154332.jpg,1,31.262105,34.8035132,1
region_B_IMG_20260111_154335.jpg,1,31.262105,34.8035132,1
region_B_IMG_20260111_154339.jpg,1,31.262105,34.8035132,1
region_B_IMG_20260111_154343.jpg,1,31.262105,34.8035132,1
region_B_IMG_20260111_154347.jpg,1,31.262105,34.8035132,1
region_B_IMG_20260111_154353.jpg,1,31.2621297,34.8035914,1
region_B_IMG_20260111_154410.jpg,1,31.2621297,34.8035914,1
region_B_IMG_20260111_154412.jpg,1,31.2621228,34.8035832,1
region_B_IMG_20260111_154416.jpg,1,31.2621228,34.8035832,1
region_B_IMG_20260111_154424.jpg,1,31.2621228,34.8035832,1
region_B_IMG_20260111_154429.jpg,1,31.2621228,34.8035832,1
region_B_IMG_20260111_154431.jpg,1,31.2621344,34.803524,1
region_B_IMG_20260111_154438.jpg,1,31.2621344,34.803524,1
region_B_IMG_20260111_154441.jpg,1,31.2621344,34.803524,1
region_B_IMG_20260111_154444.jpg,1,31.2621344,34.803524,1
region_B_IMG_20260111_154448.jpg,1,31.2621344,34.803524,1
region_B_IMG_20260111_154450.jpg,1,31.2621344,34.803524,1
region_B_IMG_20260111_154453.jpg,1,31.2621449,34.8034572,1
region_B_IMG_20260111_154457.jpg,1,31.2621449,34.8034572,1
region_B_IMG_20260111_154500.jpg,1,31.2621449,34.8034572,1
region_B_IMG_20260111_154502.jpg,1,31.2621449,34.8034572,1
region_B_IMG_20260111_154507.jpg,1,31.2621449,34.8034572,1
region_B_IMG_20260111_154516.jpg,1,31.2621396,34.803408,1
region_B_IMG_20260111_154518.jpg,1,31.2621396,34.803408,1
region_B_IMG_20260111_154523.jpg,1,31.2621396,34.803408,1
region_B_IMG_20260111_154525.jpg,1,31.2621396,34.803408,1
region_B_IMG_20260111_154527.jpg,1,31.2621396,34.803408,1
region_B_IMG_20260111_154531.jpg,1,31.2621396,34.803408,1
region_B_IMG_20260111_154533.jpg,1,31.2621343,34.8033581,1
region_B_IMG_20260111_154535.jpg,1,31.2621343,34.8033581,1
region_B_IMG_20260111_154539.jpg,1,31.2621343,34.8033581,1
region_B_IMG_20260111_154541.jpg,1,31.2621343,34.8033581,1
region_B_IMG_20260111_154543.jpg,1,31.2621343,34.8033581,1
region_B_IMG_20260111_154547.jpg,1,31.2621343,34.8033581,1
region_B_IMG_20260111_154549.jpg,1,31.2621343,34.8033581,1
region_B_IMG_20260111_154552.jpg,1,31.2621704,34.8033078,1
region_B_IMG_20260111_154556.jpg,1,31.2621704,34.8033078,1
region_B_IMG_20260111_154558.jpg,1,31.2621704,34.8033078,1
region_B_IMG_20260111_154601.jpg,1,31.2621704,34.8033078,1
region_B_IMG_20260111_154608.jpg,1,31.2621704,34.8033078,1
region_B_IMG_20260111_154612.jpg,1,31.2621554,34.8032769,1
region_B_IMG_20260111_154614.jpg,1,31.2621554,34.8032769,1
region_B_IMG_20260111_154637.jpg,1,31.262126,34.8033704,1
region_B_IMG_20260111_154639.jpg,1,31.262126,34.8033704,1
region_B_IMG_20260111_154641.jpg,1,31.262126,34.8033704,1
region_B_IMG_20260111_154643.jpg,1,31.262126,34.8033704,1
region_B_IMG_20260111_154649.jpg,1,31.262126,34.8033704,1
region_B_IMG_20260111_154651.jpg,1,31.262126,34.8033704,1
region_B_IMG_20260111_154654.jpg,1,31.26212,34.80356,1
region_B_IMG_20260111_154656.jpg,1,31.26212,34.80356,1
region_B_IMG_20260111_154738.jpg,1,31.26211667,34.80327667,1
region_B_IMG_20260111_154741.jpg,1,31.26211667,34.80327667,1
region_B_IMG_20260111_154743.jpg,1,31.26211667,34.80327667,1
region_B_IMG_20260111_154746.jpg,1,31.26211667,34.80327667,1
region_B_IMG_20260111_154752.jpg,1,31.2621383,34.8034271,1
region_B_IMG_20260111_154755.jpg,1,31.2621383,34.8034271,1
region_B_IMG_20260111_154759.jpg,1,31.2621383,34.8034271,1
region_B_IMG_20260111_154802.jpg,1,31.2621383,34.8034271,1
region_B_IMG_20260111_154808.jpg,1,31.2621271,34.8035547,1
region_B_IMG_20260111_154811.jpg,1,31.2621271,34.8035547,1
region_B_IMG_20260111_154813.jpg,1,31.2621271,34.8035547,1
region_B_IMG_20260111_154816.jpg,1,31.2621271,34.8035547,1
region_B_IMG_20260111_154822.jpg,1,31.2621271,34.8035547,1
region_B_IMG_20260111_154825.jpg,1,31.2621271,34.8035547,1
region_B_IMG_20260111_154827.jpg,1,31.2621271,34.8035547,1
region_B_IMG_20260111_154830.jpg,1,31.2621271,34.8035547,1
region_B_IMG_20260111_154835.jpg,1,31.2621271,34.8035547,1
region_B_IMG_20260111_154837.jpg,1,31.2621271,34.8035547,1
region_B_IMG_20260111_154839.jpg,1,31.2621271,34.8035547,1
region_B_IMG_20260111_154841.jpg,1,31.2621271,34.8035547,1
region_B_IMG_20260111_154847.jpg,1,31.2621271,34.8035547,1
region_B_IMG_20260111_154849.jpg,1,31.2621271,34.8035547,1
region_B_IMG_20260111_154851.jpg,1,31.2621271,34.8035547,1
region_B_IMG_20260111_154854.jpg,1,31.2621271,34.8035547,1
region_B_IMG_20260111_154901.jpg,1,31.2621271,34.8035547,1
region_B_IMG_20260111_154904.jpg,1,31.2621271,34.8035547,1
region_B_IMG_20260111_154907.jpg,1,31.2621271,34.8035547,1
region_B_IMG_20260111_154909.jpg,1,31.2621271,34.8035547,1
region_B_IMG_20260111_154915.jpg,1,31.2621271,34.8035547,1
region_B_IMG_20260111_154921.jpg,1,31.2621271,34.8035547,1
region_B_IMG_20260111_154924.jpg,1,31.2621271,34.8035547,1
region_B_IMG_20260111_154927.jpg,1,31.2621271,34.8035547,1
region_B_IMG_20260111_154958.jpg,1,31.2621361,34.803586,1
region_B_IMG_20260111_155006.jpg,1,31.2621329,34.8035789,1
region_B_IMG_20260111_155008.jpg,1,31.2621329,34.8035789,1
region_B_IMG_20260111_155011.jpg,1,31.2621329,34.8035789,1
region_B_IMG_20260111_155016.jpg,1,31.2621329,34.8035789,1
region_B_IMG_20260111_155019.jpg,1,31.2621329,34.8035789,1
region_B_IMG_20260111_155021.jpg,1,31.2621329,34.8035789,1
region_B_IMG_20260111_155024.jpg,1,31.2621329,34.8035789,1
region_B_IMG_20260111_155030.jpg,1,31.2621014,34.8035959,1
region_B_IMG_20260111_155033.jpg,1,31.2621014,34.8035959,1
region_B_IMG_20260111_155035.jpg,1,31.2621014,34.8035959,1
region_B_IMG_20260111_155038.jpg,1,31.2621014,34.8035959,1
region_B_IMG_20260111_155044.jpg,1,31.2620801,34.8034948,1
region_B_IMG_20260111_155047.jpg,1,31.2620801,34.8034948,1
region_B_IMG_20260111_155049.jpg,1,31.2620801,34.8034948,1
region_B_IMG_20260111_155052.jpg,1,31.2620801,34.8034948,1
region_B_IMG_20260111_155059.jpg,1,31.2620801,34.8034948,1
region_B_IMG_20260111_155102.jpg,1,31.2620801,34.8034948,1
region_B_IMG_20260111_155104.jpg,1,31.2621189,34.8035408,1
region_B_IMG_20260111_155107.jpg,1,31.2621189,34.8035408,1
region_B_IMG_20260111_155115.jpg,1,31.2621189,34.8035408,1
region_B_IMG_20260111_155117.jpg,1,31.2621189,34.8035408,1
region_B_IMG_20260111_155120.jpg,1,31.2621189,34.8035408,1
region_B_IMG_20260111_155122.jpg,1,31.2621189,34.8035408,1
region_B_IMG_20260111_155130.jpg,1,31.2620481,34.8035457,1
region_B_IMG_20260111_155132.jpg,1,31.2620481,34.8035457,1
region_B_IMG_20260111_155135.jpg,1,31.2620481,34.8035457,1
region_B_IMG_20260111_155138.jpg,1,31.2620481,34.8035457,1
region_B_IMG_20260111_155144.jpg,1,31.2620481,34.8035457,1
region_B_IMG_20260111_155146.jpg,1,31.2621156,34.803424,1
region_B_IMG_20260111_155148.jpg,1,31.2621156,34.803424,1
region_B_IMG_20260111_155150.jpg,1,31.2621156,34.803424,1
region_B_IMG_20260111_155155.jpg,1,31.2621156,34.803424,1
region_B_IMG_20260111_155158.jpg,1,31.2621156,34.803424,1
region_B_IMG_20260111_155200.jpg,1,31.2621156,34.803424,1
region_B_IMG_20260111_155203.jpg,1,31.2621156,34.803424,1
region_B_IMG_20260111_155209.jpg,1,31.2621326,34.8035838,1
region_B_IMG_20260111_155211.jpg,1,31.2621326,34.8035838,1
region_B_IMG_20260111_155213.jpg,1,31.2621326,34.8035838,1
region_B_IMG_20260111_155216.jpg,1,31.2621326,34.8035838,1
region_B_IMG_20260111_155223.jpg,1,31.2621326,34.8035838,1
region_B_IMG_20260111_155226.jpg,1,31.2621259,34.8035333,1
region_B_IMG_20260111_155228.jpg,1,31.2621259,34.8035333,1
region_B_IMG_20260111_155230.jpg,1,31.2621259,34.8035333,1
region_B_IMG_20260111_155235.jpg,1,31.2621259,34.8035333,1
region_B_IMG_20260111_155240.jpg,1,31.2621259,34.8035333,1
region_B_IMG_20260111_155243.jpg,1,31.2621259,34.8035333,1
region_B_IMG_20260111_155247.jpg,1,31.2621251,34.8035915,1
region_B_IMG_20260111_155254.jpg,1,31.2621251,34.8035915,1
region_B_IMG_20260111_155257.jpg,1,31.2621251,34.8035915,1
region_B_IMG_20260111_155306.jpg,1,31.2621395,34.8035434,1
region_B_IMG_20260111_155309.jpg,1,31.2621395,34.8035434,1
region_B_IMG_20260111_155321.jpg,1,31.2621395,34.8035434,1
region_B_IMG_20260111_155326.jpg,1,31.2621265,34.8035616,1
region_B_IMG_20260111_155329.jpg,1,31.2621265,34.8035616,1
region_B_IMG_20260111_155332.jpg,1,31.2621265,34.8035616,1
region_B_IMG_20260111_155338.jpg,1,31.2621265,34.8035616,1
region_B_IMG_20260111_155340.jpg,1,31.2621265,34.8035616,1
region_B_IMG_20260111_155343.jpg,1,31.2621265,34.8035616,1
region_B_IMG_20260111_155345.jpg,1,31.262049,34.803499,1
region_B_IMG_20260111_155357.jpg,1,31.262049,34.803499,1
region_B_IMG_20260111_155359.jpg,1,31.262049,34.803499,1
region_B_IMG_20260111_155401.jpg,1,31.262049,34.803499,1
region_B_IMG_20260111_155403.jpg,1,31.262049,34.803499,1
region_B_IMG_20260111_155409.jpg,1,31.2621,34.8035934,1
region_B_IMG_20260111_155412.jpg,1,31.2621,34.8035934,1
region_B_IMG_20260111_155414.jpg,1,31.2621,34.8035934,1
region_B_IMG_20260111_155416.jpg,1,31.2621,34.8035934,1
region_B_IMG_20260111_155421.jpg,1,31.2621,34.8035934,1
region_B_IMG_20260111_155424.jpg,1,31.2621,34.8035934,1
region_B_IMG_20260111_155426.jpg,1,31.2620989,34.8036029,1
region_B_IMG_20260111_155428.jpg,1,31.2620989,34.8036029,1
region_B_IMG_20260111_155434.jpg,1,31.2620989,34.8036029,1
region_B_IMG_20260111_155436.jpg,1,31.2620989,34.8036029,1
region_B_IMG_20260111_155439.jpg,1,31.2620989,34.8036029,1
region_B_IMG_20260111_155441.jpg,1,31.2620989,34.8036029,1
region_B_IMG_20260111_155447.jpg,1,31.2620863,34.803539,1
region_B_IMG_20260111_155449.jpg,1,31.2620863,34.803539,1
region_B_IMG_20260111_155452.jpg,1,31.2620863,34.803539,1
region_B_IMG_20260111_155455.jpg,1,31.2620863,34.803539,1
region_B_IMG_20260111_155503.jpg,1,31.2620863,34.803539,1
region_B_IMG_20260111_155505.jpg,1,31.2620244,34.8035889,1
region_B_IMG_20260111_155508.jpg,1,31.2620244,34.8035889,1
region_B_IMG_20260111_155510.jpg,1,31.2620244,34.8035889,1
region_B_IMG_20260111_155516.jpg,1,31.2620244,34.8035889,1
region_B_IMG_20260111_155519.jpg,1,31.2620244,34.8035889,1
region_B_IMG_20260111_155521.jpg,1,31.2620244,34.8035889,1
region_B_IMG_20260111_155524.jpg,1,31.2620244,34.8035889,1
region_B_IMG_20260111_155530.jpg,1,31.2620956,34.8035656,1
region_B_IMG_20260111_155533.jpg,1,31.2620956,34.8035656,1
region_B_IMG_20260111_155536.jpg,1,31.2620956,34.8035656,1
region_B_IMG_20260111_155538.jpg,1,31.2620956,34.8035656,1
region_B_IMG_20260111_155544.jpg,1,31.2620956,34.8035656,1
region_B_IMG_20260111_155547.jpg,1,31.261947,34.8035067,1
region_B_IMG_20260111_155549.jpg,1,31.261947,34.8035067,1
region_B_IMG_20260111_155552.jpg,1,31.261947,34.8035067,1
region_B_IMG_20260111_155558.jpg,1,31.261947,34.8035067,1
region_B_IMG_20260111_155600.jpg,1,31.261947,34.8035067,1
region_B_IMG_20260111_155603.jpg,1,31.261947,34.8035067,1
region_B_IMG_20260111_155605.jpg,1,31.2621152,34.8035848,1
region_B_IMG_20260111_155610.jpg,1,31.2621152,34.8035848,1
region_B_IMG_20260111_155613.jpg,1,31.2621152,34.8035848,1
region_B_IMG_20260111_155615.jpg,1,31.2621152,34.8035848,1
region_B_IMG_20260111_155618.jpg,1,31.2621152,34.8035848,1
region_B_IMG_20260111_155623.jpg,1,31.2621152,34.8035848,1
region_B_IMG_20260111_155625.jpg,1,31.2619732,34.8034679,1
region_B_IMG_20260111_155628.jpg,1,31.2619732,34.8034679,1
region_B_IMG_20260111_155630.jpg,1,31.2619732,34.8034679,1
region_B_IMG_20260111_155635.jpg,1,31.2619732,34.8034679,1
region_B_IMG_20260111_155638.jpg,1,31.2619732,34.8034679,1
region_B_IMG_20260111_155640.jpg,1,31.2619732,34.8034679,1
region_B_IMG_20260111_155643.jpg,1,31.2619732,34.8034679,1
region_B_IMG_20260111_155647.jpg,1,31.2621229,34.8035877,1
region_B_IMG_20260111_155650.jpg,1,31.2621229,34.8035877,1
region_B_IMG_20260111_155652.jpg,1,31.2621229,34.8035877,1
region_B_IMG_20260111_155655.jpg,1,31.2621229,34.8035877,1
region_B_IMG_20260111_155703.jpg,1,31.2621229,34.8035877,1
region_B_IMG_20260111_155705.jpg,1,31.2621286,34.8035477,1
region_B_IMG_20260111_155708.jpg,1,31.2621286,34.8035477,1
region_B_IMG_20260111_155711.jpg,1,31.2621286,34.8035477,1
region_B_IMG_20260111_155723.jpg,1,31.2621286,34.8035477,1
region_B_IMG_20260111_155725.jpg,1,31.2621012,34.8035739,1
region_B_IMG_20260111_155727.jpg,1,31.2621012,34.8035739,1
region_B_IMG_20260111_155729.jpg,1,31.2621012,34.8035739,1
region_B_IMG_20260111_155734.jpg,1,31.2621012,34.8035739,1
region_B_IMG_20260111_155738.jpg,1,31.2621012,34.8035739,1
region_B_IMG_20260111_155740.jpg,1,31.2621012,34.8035739,1
region_B_IMG_20260111_155743.jpg,1,31.2621012,34.8035739,1
region_B_IMG_20260111_155747.jpg,1,31.2621145,34.8035501,1
region_B_IMG_20260111_155750.jpg,1,31.2621145,34.8035501,1
region_B_IMG_20260111_155752.jpg,1,31.2621145,34.8035501,1
region_B_IMG_20260111_155755.jpg,1,31.2621145,34.8035501,1
region_B_IMG_20260111_155800.jpg,1,31.2621145,34.8035501,1
region_B_IMG_20260111_155802.jpg,1,31.2621145,34.8035501,1
region_B_IMG_20260111_155804.jpg,1,31.2620598,34.8035649,1
region_B_IMG_20260111_155806.jpg,1,31.2620598,34.8035649,1
region_B_IMG_20260111_155809.jpg,1,31.2620598,34.8035649,1
region_B_IMG_20260111_155813.jpg,1,31.2620598,34.8035649,1
region_B_IMG_20260111_155815.jpg,1,31.2620598,34.8035649,1
region_B_IMG_20260111_155817.jpg,1,31.2620598,34.8035649,1
region_B_IMG_20260111_155820.jpg,1,31.2620598,34.8035649,1
region_B_IMG_20260111_155827.jpg,1,31.2620651,34.8035522,1
region_B_IMG_20260111_155830.jpg,1,31.2620651,34.8035522,1
region_B_IMG_20260111_155832.jpg,1,31.2620651,34.8035522,1
region_B_IMG_20260111_155834.jpg,1,31.2620651,34.8035522,1
region_B_IMG_20260111_155840.jpg,1,31.2620651,34.8035522,1
region_B_IMG_20260111_155843.jpg,1,31.2620651,34.8035522,1
region_B_IMG_20260111_155845.jpg,1,31.2619297,34.803506,1
region_B_IMG_20260111_155847.jpg,1,31.2619297,34.803506,1
region_C_IMG_5776.jpg,2,31.262175,34.80294167,2
region_C_IMG_5777.jpg,2,31.26216389,34.80279444,2
region_C_IMG_5778.jpg,2,31.26216944,34.8028,2
region_C_IMG_5779.jpg,2,31.26215278,34.80288611,2
region_C_IMG_5791.jpg,2,31.26224167,34.80289444,2
region_C_IMG_5792.jpg,2,31.26224722,34.80289444,2
region_C_IMG_5793.jpg,2,31.26223056,34.80288056,2
region_C_IMG_5794.jpg,2,31.26223056,34.80286389,2
region_C_IMG_5795.jpg,2,31.26222222,34.80286111,2
region_C_IMG_5796.jpg,2,31.26222778,34.80284167,2
region_C_IMG_5797.jpg,2,31.26223056,34.80284167,2
region_C_IMG_5798.jpg,2,31.26223889,34.80284167,2
region_C_IMG_5799.jpg,2,31.262225,34.80283611,2
region_C_IMG_5800.jpg,2,31.26223056,34.80281111,2
region_C_IMG_5801.jpg,2,31.26220556,34.80281944,2
region_C_IMG_5802.jpg,2,31.26221667,34.80279444,2
region_C_IMG_5803.jpg,2,31.26223333,34.80278056,2
region_C_IMG_5804.jpg,2,31.262225,34.80279167,2
region_C_IMG_5805.jpg,2,31.26222778,34.802775,2
region_C_IMG_5806.jpg,2,31.26224444,34.80275278,2
region_C_IMG_5807.jpg,2,31.26223889,34.80276389,2
region_C_IMG_5808.jpg,2,31.26223333,34.80273056,2
region_C_IMG_5809.jpg,2,31.26221944,34.80275833,2
region_C_IMG_5810.jpg,2,31.26222778,34.80273889,2
region_C_IMG_5811.jpg,2,31.26220833,34.80270278,2
region_C_IMG_5812.jpg,2,31.26216389,34.80274444,2
region_C_IMG_5813.jpg,2,31.26218889,34.80275833,2
region_C_IMG_5814.jpg,2,31.26218333,34.80271111,2
region_C_IMG_5815.jpg,2,31.2622,34.80272778,2
region_C_IMG_5816.jpg,2,31.26221944,34.80269722,2
region_C_IMG_5817.jpg,2,31.26221667,34.80264167,2
region_C_IMG_5818.jpg,2,31.26221389,34.80266111,2
region_C_IMG_5819.jpg,2,31.26221944,34.80265,2
region_C_IMG_5820.jpg,2,31.26221944,34.80263611,2
region_C_IMG_5821.jpg,2,31.26221667,34.80261667,2
region_C_IMG_5822.jpg,2,31.26221389,34.802625,2
region_C_IMG_5823.jpg,2,31.26219444,34.8026,2
region_C_IMG_5824.jpg,2,31.26219722,34.80259722,2
region_C_IMG_5825.jpg,2,31.26219444,34.8026,2
region_C_IMG_5826.jpg,2,31.26217778,34.80258889,2
region_C_IMG_5827.jpg,2,31.26216389,34.80259722,2
region_C_IMG_5828.jpg,2,31.26216389,34.80260556,2
region_C_IMG_5829.jpg,2,31.26216667,34.80256389,2
region_C_IMG_5830.jpg,2,31.26215833,34.80256667,2
region_C_IMG_5831.jpg,2,31.26213889,34.80259722,2
region_C_IMG_5832.jpg,2,31.26215556,34.80256667,2
region_C_IMG_5833.jpg,2,31.26216389,34.80255556,2
region_C_IMG_5834.jpg,2,31.26216389,34.80256667,2
region_C_IMG_5835.jpg,2,31.262175,34.80251667,2
region_C_IMG_5836.jpg,2,31.26216389,34.80251944,2
region_C_IMG_5837.jpg,2,31.26216389,34.802525,2
region_C_IMG_5838.jpg,2,31.26214444,34.80251667,2
region_C_IMG_5839.jpg,2,31.26213889,34.80250833,2
region_C_IMG_5840.jpg,2,31.26213611,34.80250833,2
region_C_IMG_5841.jpg,2,31.26213611,34.80250833,2
region_C_IMG_5842.jpg,2,31.26213889,34.80254444,2
region_C_IMG_5843.jpg,2,31.26213889,34.80254444,2
region_C_IMG_5844.jpg,2,31.26214722,34.80255,2
region_C_IMG_5845.jpg,2,31.26215,34.80255,2
region_C_IMG_5846.jpg,2,31.26214722,34.80259444,2
region_C_IMG_5847.jpg,2,31.26215,34.80259444,2
region_C_IMG_5848.jpg,2,31.26214444,34.80259444,2
region_C_IMG_5849.jpg,2,31.26214444,34.80259722,2
region_C_IMG_5850.jpg,2,31.26214167,34.80262778,2
region_C_IMG_5851.jpg,2,31.26214722,34.80262778,2
region_C_IMG_5852.jpg,2,31.26214722,34.80262778,2
region_C_IMG_5853.jpg,2,31.26215556,34.802625,2
region_C_IMG_5854.jpg,2,31.26215833,34.80264167,2
region_C_IMG_5855.jpg,2,31.26216111,34.80264722,2
region_C_IMG_5856.jpg,2,31.26215833,34.80263889,2
region_C_IMG_5857.jpg,2,31.26216111,34.80263889,2
region_C_IMG_5858.jpg,2,31.262175,34.80266667,2
region_C_IMG_5859.jpg,2,31.26217222,34.80266944,2
region_C_IMG_5860.jpg,2,31.26217778,34.80266111,2
region_C_IMG_5861.jpg,2,31.26218056,34.80266111,2
region_C_IMG_5862.jpg,2,31.26217778,34.80267778,2
region_C_IMG_5863.jpg,2,31.26216944,34.80269167,2
region_C_IMG_5864.jpg,2,31.26216944,34.80268889,2
region_C_IMG_5865.jpg,2,31.26217222,34.80268889,2
region_C_IMG_5866.jpg,2,31.26216667,34.80271944,2
region_C_IMG_5867.jpg,2,31.26216667,34.80272778,2
region_C_IMG_5868.jpg,2,31.26216667,34.80272778,2
region_C_IMG_5869.jpg,2,31.26216667,34.80272222,2
region_C_IMG_5870.jpg,2,31.26216944,34.80275278,2
region_C_IMG_5871.jpg,2,31.26216389,34.80275278,2
region_C_IMG_5872.jpg,2,31.26216944,34.80275,2
region_C_IMG_5873.jpg,2,31.26216944,34.80275,2
region_C_IMG_5874.jpg,2,31.26216111,34.80278056,2
region_C_IMG_5875.jpg,2,31.26215833,34.80278333,2
region_C_IMG_5876.jpg,2,31.26215833,34.80278333,2
region_C_IMG_5877.jpg,2,31.26216389,34.80278056,2
region_C_IMG_5878.jpg,2,31.26216111,34.80281389,2
region_C_IMG_5879.jpg,2,31.26215833,34.80281389,2
region_C_IMG_5880.jpg,2,31.26215278,34.80281111,2
region_C_IMG_5881.jpg,2,31.26215833,34.80281111,2
region_C_IMG_5882.jpg,2,31.26215833,34.80283611,2
region_C_IMG_5883.jpg,2,31.26215833,34.80283611,2
region_C_IMG_5884.jpg,2,31.26215278,34.80283611,2
region_C_IMG_5885.jpg,2,31.26215,34.80283333,2
region_C_IMG_5886.jpg,2,31.26215278,34.80286111,2
region_C_IMG_5887.jpg,2,31.26215278,34.80286389,2
region_C_IMG_5888.jpg,2,31.26215556,34.80286111,2
region_C_IMG_5889.jpg,2,31.26215278,34.80286111,2
region_C_IMG_5890.jpg,2,31.26215,34.80288333,2
region_C_IMG_5891.jpg,2,31.26215278,34.80288611,2
region_C_IMG_5892.jpg,2,31.26214722,34.80288611,2
region_C_IMG_5893.jpg,2,31.26214722,34.80288611,2
region_C_IMG_5894.jpg,2,31.26215556,34.80291667,2
region_C_IMG_5895.jpg,2,31.26215556,34.80291667,2
region_C_IMG_5896.jpg,2,31.26215278,34.80291667,2
region_C_IMG_5897.jpg,2,31.26215,34.80292222,2
region_C_IMG_5898.jpg,2,31.26214167,34.80295556,2
region_C_IMG_5899.jpg,2,31.26214722,34.80295556,2
region_C_IMG_5900.jpg,2,31.26214722,34.80295556,2
region_C_IMG_5901.jpg,2,31.26215278,34.80295278,2
region_C_IMG_5902.jpg,2,31.26216667,34.80298333,2
region_C_IMG_5903.jpg,2,31.26216111,34.802975,2
region_C_IMG_5904.jpg,2,31.26215278,34.802975,2
region_C_IMG_5905.jpg,2,31.26215556,34.80300278,2
region_C_IMG_5906.jpg,2,31.26215278,34.80299722,2
region_C_IMG_5907.jpg,2,31.26215278,34.80298889,2
region_C_IMG_5908.jpg,2,31.26216389,34.80300833,2
region_C_IMG_5909.jpg,2,31.26216944,34.80300833,2
region_C_IMG_5910.jpg,2,31.26220833,34.80301667,2
region_C_IMG_5911.jpg,2,31.26220833,34.80301389,2
region_C_IMG_5912.jpg,2,31.26223056,34.80301667,2
region_C_IMG_5913.jpg,2,31.26223056,34.80301944,2
region_C_IMG_5916.jpg,2,31.26213056,34.802875,2
region_C_IMG_5917.jpg,2,31.26213333,34.80288056,2
region_C_IMG_5918.jpg,2,31.26213056,34.802875,2
region_C_IMG_5919.jpg,2,31.26214722,34.80286389,2
region_C_IMG_5920.jpg,2,31.26214167,34.80287222,2
region_C_IMG_5921.jpg,2,31.26215,34.80289444,2
region_C_IMG_5922.jpg,2,31.26214722,34.80288333,2
region_C_IMG_5923.jpg,2,31.26214722,34.80286667,2
region_C_IMG_5924.jpg,2,31.26214444,34.80286389,2
region_C_IMG_5925.jpg,2,31.26213889,34.80286667,2
region_C_IMG_5926.jpg,2,31.26213889,34.80283611,2
region_C_IMG_5927.jpg,2,31.26213889,34.80283611,2
region_C_IMG_5928.jpg,2,31.26215833,34.80283611,2
region_C_IMG_5929.jpg,2,31.26214722,34.80285278,2
region_C_IMG_5930.jpg,2,31.26215278,34.80283056,2
region_C_IMG_5931.jpg,2,31.26216944,34.80283333,2
region_C_IMG_5932.jpg,2,31.26218889,34.80284167,2
region_C_IMG_5933.jpg,2,31.26218889,34.80284444,2
region_C_IMG_5934.jpg,2,31.26214722,34.80278056,2
region_C_IMG_5935.jpg,2,31.26215,34.80281111,2
region_C_IMG_5936.jpg,2,31.26215278,34.80281111,2
region_C_IMG_5937.jpg,2,31.26215556,34.80280556,2
region_C_IMG_5938.jpg,2,31.26215,34.80278889,2
region_C_IMG_5939.jpg,2,31.26214722,34.80277222,2
region_C_IMG_5940.jpg,2,31.26213889,34.80277222,2
region_C_IMG_5941.jpg,2,31.26213611,34.80272778,2
region_C_IMG_5942.jpg,2,31.26213889,34.80273056,2
region_C_IMG_5943.jpg,2,31.26216111,34.80275278,2
region_C_IMG_5944.jpg,2,31.26215,34.80275,2
region_C_IMG_5945.jpg,2,31.26213333,34.80272222,2
region_C_IMG_5946.jpg,2,31.262125,34.80269167,2
region_C_IMG_5947.jpg,2,31.26213611,34.80269167,2
region_C_IMG_5948.jpg,2,31.26212778,34.80265,2
region_C_IMG_5949.jpg,2,31.262125,34.80263889,2
region_C_IMG_5950.jpg,2,31.26212778,34.80265556,2
region_C_IMG_5951.jpg,2,31.26213611,34.80266944,2
region_C_IMG_5952.jpg,2,31.26212222,34.80263611,2
region_C_IMG_5953.jpg,2,31.26215278,34.8026,2
region_C_IMG_5954.jpg,2,31.26215556,34.80260556,2
region_C_IMG_5955.jpg,2,31.26215833,34.80263056,2
region_C_IMG_5956.jpg,2,31.26213611,34.80261111,2
region_C_IMG_5957.jpg,2,31.26214444,34.80260833,2
region_C_IMG_5958.jpg,2,31.26213611,34.80259722,2
region_C_IMG_5959.jpg,2,31.26213333,34.80259444,2
region_C_IMG_5960.jpg,2,31.26213056,34.802575,2
region_C_IMG_5961.jpg,2,31.26212222,34.80256667,2
region_C_IMG_5962.jpg,2,31.262125,34.80256944,2
region_C_IMG_5963.jpg,2,31.26213056,34.80256944,2
region_C_IMG_5964.jpg,2,31.262125,34.80254722,2
region_C_IMG_5965.jpg,2,31.26213333,34.80252778,2
region_C_IMG_5966.jpg,2,31.26212778,34.80253889,2
region_C_IMG_5967.jpg,2,31.26211944,34.80253611,2
region_C_IMG_5968.jpg,2,31.26212222,34.80251944,2
region_C_IMG_5969.jpg,2,31.26212222,34.80252778,2
region_C_IMG_5970.jpg,2,31.26213333,34.80250833,2
region_C_IMG_5971.jpg,2,31.26213889,34.80249444,2
region_C_IMG_5972.jpg,2,31.26213889,34.80248889,2
region_C_IMG_5973.jpg,2,31.26213333,34.80250556,2
region_C_IMG_5974.jpg,2,31.26213333,34.80247778,2
region_C_IMG_5975.jpg,2,31.26213056,34.80248611,2
region_C_IMG_5976.jpg,2,31.26212778,34.80248889,2
region_C_IMG_5977.jpg,2,31.26212778,34.80248333,2
region_C_IMG_5978.jpg,2,31.26210278,34.80248889,2
region_C_IMG_5979.jpg,2,31.26212222,34.80249722,2
region_C_IMG_5980.jpg,2,31.26212778,34.80251389,2
region_C_IMG_5981.jpg,2,31.26213333,34.80250278,2
region_C_IMG_5982.jpg,2,31.26211944,34.80251944,2
region_C_IMG_5983.jpg,2,31.26210278,34.80251944,2
region_C_IMG_5984.jpg,2,31.26209722,34.80250556,2
region_C_IMG_5985.jpg,2,31.26210833,34.80250278,2
region_C_IMG_5986.jpg,2,31.26212778,34.80253889,2
region_C_IMG_5987.jpg,2,31.26211944,34.80253889,2
region_C_IMG_5988.jpg,2,31.26211667,34.80254722,2
region_C_IMG_5989.jpg,2,31.26211667,34.802525,2
region_C_IMG_5990.jpg,2,31.26212222,34.80255833,2
region_C_IMG_5991.jpg,2,31.26211389,34.80255833,2
region_C_IMG_5992.jpg,2,31.26211111,34.80256389,2
region_C_IMG_5993.jpg,2,31.26211111,34.80255833,2
region_C_IMG_5994.jpg,2,31.26210278,34.80259444,2
region_C_IMG_5995.jpg,2,31.26210278,34.80259444,2
region_C_IMG_5996.jpg,2,31.26210278,34.80259444,2
region_C_IMG_5997.jpg,2,31.26210556,34.80259722,2
region_C_IMG_5998.jpg,2,31.26211111,34.80263056,2
region_C_IMG_5999.jpg,2,31.26211111,34.80263889,2
region_C_IMG_6001.jpg,2,31.26210556,34.80263611,2
region_C_IMG_6002.jpg,2,31.26210833,34.80263056,2
region_C_IMG_6003.jpg,2,31.26210278,34.80266944,2
region_C_IMG_6004.jpg,2,31.26210278,34.80266667,2
region_C_IMG_6005.jpg,2,31.26209722,34.80266111,2
region_C_IMG_6006.jpg,2,31.2621,34.80265833,2
region_C_IMG_6007.jpg,2,31.26209167,34.80269722,2
region_C_IMG_6008.jpg,2,31.26209167,34.80269167,2
region_C_IMG_6009.jpg,2,31.26209167,34.80268889,2
region_C_IMG_6010.jpg,2,31.26209167,34.80269722,2
region_C_IMG_6011.jpg,2,31.26208611,34.80271944,2
region_C_IMG_6012.jpg,2,31.26209167,34.80272222,2
region_C_IMG_6013.jpg,2,31.26209722,34.80272778,2
region_C_IMG_6014.jpg,2,31.26209722,34.80272778,2
region_C_IMG_6015.jpg,2,31.26209722,34.80275278,2
region_C_IMG_6016.jpg,2,31.26209167,34.80275833,2
region_C_IMG_6017.jpg,2,31.26209722,34.80275,2
region_C_IMG_6018.jpg,2,31.26209444,34.80274444,2
region_C_IMG_6019.jpg,2,31.26210278,34.80276944,2
region_C_IMG_6020.jpg,2,31.26209167,34.80276944,2
region_C_IMG_6021.jpg,2,31.26208889,34.80276389,2
region_C_IMG_6022.jpg,2,31.26209167,34.80276944,2
region_C_IMG_6023.jpg,2,31.26208056,34.80279444,2
region_C_IMG_6024.jpg,2,31.26208056,34.80280278,2
region_C_IMG_6025.jpg,2,31.26207778,34.80279444,2
region_C_IMG_6026.jpg,2,31.26208611,34.80279444,2
region_C_IMG_6027.jpg,2,31.26208056,34.80284167,2
region_C_IMG_6028.jpg,2,31.26209722,34.80285,2
region_C_IMG_6029.jpg,2,31.26209722,34.80285278,2
region_C_IMG_6030.jpg,2,31.26210278,34.80285278,2
region_C_IMG_6031.jpg,2,31.26210278,34.80288333,2
region_C_IMG_6032.jpg,2,31.2621,34.80286111,2
region_C_IMG_6033.jpg,2,31.26210278,34.80286667,2
region_C_IMG_6034.jpg,2,31.26211111,34.80288333,2
region_C_IMG_6035.jpg,2,31.26210278,34.80290278,2
region_C_IMG_6036.jpg,2,31.2621,34.80290278,2
region_C_IMG_6037.jpg,2,31.26209722,34.80290278,2
region_C_IMG_6038.jpg,2,31.26209722,34.80290556,2
region_C_IMG_6039.jpg,2,31.26209444,34.80292222,2
region_C_IMG_6040.jpg,2,31.26209167,34.802925,2
region_C_IMG_6041.jpg,2,31.26208611,34.80292222,2
region_C_IMG_6042.jpg,2,31.26208611,34.80292222,2
region_C_IMG_6043.jpg,2,31.26208611,34.80294167,2
region_C_IMG_6044.jpg,2,31.26208056,34.80294167,2
region_C_IMG_6045.jpg,2,31.26208333,34.80294167,2
region_C_IMG_6046.jpg,2,31.26203611,34.80290556,2
region_C_IMG_6047.jpg,2,31.26204444,34.80290278,2
region_C_IMG_6048.jpg,2,31.26205,34.80290278,2
region_C_IMG_6049.jpg,2,31.26204722,34.80291111,2
region_C_IMG_6050.jpg,2,31.26204167,34.80289444,2
region_C_IMG_6051.jpg,2,31.26204167,34.80289167,2
region_C_IMG_6052.jpg,2,31.26204722,34.80289444,2
region_C_IMG_6053.jpg,2,31.26204444,34.80289444,2
region_C_IMG_6054.jpg,2,31.26204167,34.802875,2
region_C_IMG_6055.jpg,2,31.26204167,34.80288056,2
region_C_IMG_6056.jpg,2,31.26204444,34.80288333,2
region_C_IMG_6057.jpg,2,31.26204444,34.80288333,2
region_C_IMG_6058.jpg,2,31.26204167,34.80286389,2
region_C_IMG_6059.jpg,2,31.26205278,34.802875,2
region_C_IMG_6060.jpg,2,31.26205,34.802875,2
region_C_IMG_6061.jpg,2,31.26204167,34.80283611,2
region_C_IMG_6062.jpg,2,31.26204167,34.80283611,2
region_C_IMG_6063.jpg,2,31.26204167,34.80284167,2
region_C_IMG_6064.jpg,2,31.26205,34.80281389,2
region_C_IMG_6065.jpg,2,31.26205,34.80281111,2
region_C_IMG_6066.jpg,2,31.26205278,34.80280556,2
region_C_IMG_6067.jpg,2,31.26205,34.80281111,2
region_C_IMG_6068.jpg,2,31.26204444,34.80280278,2
region_C_IMG_6069.jpg,2,31.26205,34.80276944,2
region_C_IMG_6070.jpg,2,31.26205278,34.80278056,2
region_C_IMG_6071.jpg,2,31.26205556,34.80278333,2
region_C_IMG_6072.jpg,2,31.26205556,34.80278889,2
region_C_IMG_6073.jpg,2,31.26205278,34.80275,2
region_C_IMG_6074.jpg,2,31.26205556,34.80275833,2
region_C_IMG_6075.jpg,2,31.26205556,34.80276111,2
region_C_IMG_6076.jpg,2,31.26205278,34.80276111,2
region_C_IMG_6077.jpg,2,31.26205,34.80273889,2
region_C_IMG_6078.jpg,2,31.26204722,34.80273333,2
region_C_IMG_6079.jpg,2,31.26205,34.80273333,2
region_C_IMG_6080.jpg,2,31.26204444,34.80273333,2
region_C_IMG_6081.jpg,2,31.26204444,34.80270833,2
region_C_IMG_6082.jpg,2,31.26205,34.80271111,2
region_C_IMG_6083.jpg,2,31.26205556,34.80270833,2
region_C_IMG_6084.jpg,2,31.26205,34.80270833,2
region_C_IMG_6085.jpg,2,31.26206667,34.80267778,2
region_C_IMG_6086.jpg,2,31.26206667,34.80268889,2
region_C_IMG_6087.jpg,2,31.26206111,34.80269167,2
region_C_IMG_6088.jpg,2,31.26206389,34.80269167,2
region_C_IMG_6089.jpg,2,31.26205556,34.80265556,2
region_C_IMG_6090.jpg,2,31.26205556,34.80266111,2
region_C_IMG_6091.jpg,2,31.26205556,34.80266111,2
region_C_IMG_6092.jpg,2,31.26205,34.80266667,2
region_C_IMG_6093.jpg,2,31.26205,34.802625,2
region_C_IMG_6094.jpg,2,31.26205,34.80262778,2
region_C_IMG_6095.jpg,2,31.26205833,34.80261944,2
region_C_IMG_6096.jpg,2,31.26205833,34.80262778,2
region_C_IMG_6097.jpg,2,31.26206111,34.80260556,2
region_C_IMG_6098.jpg,2,31.26206111,34.80260556,2
region_C_IMG_6099.jpg,2,31.26205556,34.80260556,2
region_C_IMG_6100.jpg,2,31.26205278,34.80260833,2
region_C_IMG_6101.jpg,2,31.26205,34.80258056,2
region_C_IMG_6102.jpg,2,31.26205,34.80258056,2
region_C_IMG_6103.jpg,2,31.26205,34.80258056,2
region_C_IMG_6104.jpg,2,31.26205,34.80258056,2
region_C_IMG_6105.jpg,2,31.26205,34.80256667,2
region_C_IMG_6106.jpg,2,31.26205,34.80255833,2
region_C_IMG_6107.jpg,2,31.26205,34.80256389,2
region_C_IMG_6108.jpg,2,31.26204444,34.80256389,2
region_C_IMG_6109.jpg,2,31.26204444,34.80252778,2
region_C_IMG_6110.jpg,2,31.26205,34.802525,2
region_C_IMG_6111.jpg,2,31.26205,34.80253333,2
region_C_IMG_6112.jpg,2,31.26205,34.80253333,2
region_C_IMG_6113.jpg,2,31.26205,34.80251389,2
region_C_IMG_6114.jpg,2,31.26205,34.80250278,2
region_C_IMG_6115.jpg,2,31.26205556,34.80250556,2
region_C_IMG_6116.jpg,2,31.26205,34.80250833,2
region_C_20260116_162026.jpg,2,31.2620677,34.8025823,2
region_C_20260116_162055.jpg,2,31.2619809,34.8027834,2
region_C_20260116_162057.jpg,2,31.2620181,34.802775,2
region_C_20260116_162100.jpg,2,31.2620181,34.802775,2
region_C_20260116_162104.jpg,2,31.2620181,34.802775,2
region_C_20260116_162106.jpg,2,31.2620181,34.802775,2
region_C_20260116_162108.jpg,2,31.2620181,34.802775,2
region_C_20260116_162110.jpg,2,31.2620181,34.802775,2
region_C_20260116_162115.jpg,2,31.2620181,34.802775,2
region_C_20260116_162118.jpg,2,31.2620181,34.802775,2
region_C_20260116_162120.jpg,2,31.26201812,34.802775,2
region_C_20260116_162122.jpg,2,31.2620181,34.802775,2
region_C_20260116_162128.jpg,2,31.2620181,34.802775,2
region_C_20260116_162130.jpg,2,31.2620181,34.802775,2
region_C_20260116_162133.jpg,2,31.2620181,34.802775,2
region_C_20260116_162135.jpg,2,31.26201812,34.802775,2
region_C_20260116_162141.jpg,2,31.2620181,34.802775,2
region_C_20260116_162144.jpg,2,31.2620181,34.802775,2
region_C_20260116_162146.jpg,2,31.2620181,34.802775,2
region_C_20260116_162148.jpg,2,31.26201812,34.802775,2
region_C_20260116_162153.jpg,2,31.2620041,34.8026733,2
region_C_20260116_162155.jpg,2,31.262007,34.8025953,2
region_C_20260116_162157.jpg,2,31.262007,34.8025953,2
region_C_20260116_162200.jpg,2,31.2620071,34.80259538,2
region_C_20260116_162205.jpg,2,31.262007,34.8025953,2
region_C_20260116_162209.jpg,2,31.262007,34.8025953,2
region_C_20260116_162211.jpg,2,31.262007,34.8025953,2
region_C_20260116_162214.jpg,2,31.262007,34.8025953,2
region_C_20260116_162219.jpg,2,31.262007,34.8025953,2
region_C_20260116_162222.jpg,2,31.262007,34.8025953,2
region_C_20260116_162224.jpg,2,31.262007,34.8025953,2
region_C_20260116_162228.jpg,2,31.2620071,34.80259538,2
region_C_20260116_162234.jpg,2,31.262007,34.8025953,2
region_C_20260116_162236.jpg,2,31.262007,34.8025953,2
region_C_20260116_162238.jpg,2,31.262007,34.8025953,2
region_C_20260116_162241.jpg,2,31.262007,34.8025953,2
region_C_20260116_162245.jpg,2,31.262007,34.8025953,2
region_C_20260116_162248.jpg,2,31.262007,34.8025953,2
region_C_20260116_162250.jpg,2,31.262007,34.8025953,2
region_C_20260116_162252.jpg,2,31.2620071,34.80259538,2
region_C_20260116_162257.jpg,2,31.2620206,34.8027569,2
region_C_20260116_162300.jpg,2,31.2620206,34.8027569,2
region_C_20260116_162302.jpg,2,31.2620206,34.8027569,2
region_C_20260116_162304.jpg,2,31.2620206,34.8027569,2
region_C_20260116_162309.jpg,2,31.2620206,34.8027569,2
region_C_20260116_162312.jpg,2,31.2620206,34.8027569,2
region_C_20260116_162314.jpg,2,31.2620206,34.8027569,2
region_C_20260116_162317.jpg,2,31.26202064,34.80275698,2
region_C_20260116_162322.jpg,2,31.26202064,34.80275698,2
region_C_20260116_162324.jpg,2,31.2620206,34.8027569,2
region_C_20260116_162327.jpg,2,31.2620206,34.8027569,2
region_C_20260116_162329.jpg,2,31.26202064,34.80275698,2
region_C_20260116_162334.jpg,2,31.2620206,34.8027569,2
region_C_20260116_162336.jpg,2,31.2620206,34.8027569,2
region_C_20260116_162339.jpg,2,31.2620206,34.8027569,2
region_C_20260116_162341.jpg,2,31.26202064,34.80275698,2
region_C_20260116_162415.jpg,2,31.26208874,34.8026735,2
region_C_20260116_162417.jpg,2,31.2620887,34.8026734,2
region_C_20260116_162420.jpg,2,31.2620887,34.8026734,2
region_C_20260116_162423.jpg,2,31.2620887,34.8026734,2
region_C_20260116_162429.jpg,2,31.2620887,34.8026734,2
region_C_20260116_162431.jpg,2,31.2620887,34.8026734,2
region_C_20260116_162433.jpg,2,31.2620887,34.8026734,2
region_C_20260116_162435.jpg,2,31.2620887,34.8026734,2
region_C_20260116_162441.jpg,2,31.2620887,34.8026734,2
region_C_20260116_162444.jpg,2,31.2620887,34.8026734,2
region_C_20260116_162446.jpg,2,31.2620887,34.8026734,2
region_C_20260116_162448.jpg,2,31.2620887,34.8026734,2
region_C_20260116_162453.jpg,2,31.2620887,34.8026734,2
region_C_20260116_162455.jpg,2,31.2620887,34.8026734,2
region_C_20260116_162457.jpg,2,31.2620887,34.8026734,2
region_C_20260116_162500.jpg,2,31.2620887,34.8026734,2
region_C_20260116_162509.jpg,2,31.2620225,34.8027956,2
region_C_20260116_162512.jpg,2,31.2620225,34.8027956,2
region_C_20260116_162515.jpg,2,31.2620225,34.8027956,2
region_C_20260116_162517.jpg,2,31.26202256,34.80279562,2
region_C_20260116_162528.jpg,2,31.2620225,34.8027956,2
region_C_20260116_162530.jpg,2,31.2620225,34.8027956,2
region_C_20260116_162532.jpg,2,31.2620225,34.8027956,2
region_C_20260116_162534.jpg,2,31.2620225,34.8027956,2
region_C_20260116_162541.jpg,2,31.2620297,34.8028191,2
region_C_20260116_162543.jpg,2,31.2620382,34.8027632,2
region_C_20260116_162545.jpg,2,31.26203828,34.80276327,2
region_C_20260116_162547.jpg,2,31.2620884,34.8026689,2
region_C_20260116_162552.jpg,2,31.2620298,34.8027421,2
region_C_20260116_162554.jpg,2,31.2620298,34.8027421,2
region_C_20260116_162557.jpg,2,31.26202981,34.80274214,2
region_C_20260116_162559.jpg,2,31.2620298,34.8027421,2
region_C_20260116_162604.jpg,2,31.2620298,34.8027421,2
region_C_20260116_162606.jpg,2,31.2620298,34.8027421,2
region_C_20260116_162608.jpg,2,31.26202981,34.80274214,2
region_C_20260116_162610.jpg,2,31.2620298,34.8027421,2
region_C_20260116_162614.jpg,2,31.2620298,34.8027421,2
region_C_20260116_162616.jpg,2,31.26202981,34.80274214,2
region_C_20260116_162618.jpg,2,31.26202981,34.80274214,2
region_C_20260116_162620.jpg,2,31.2620298,34.8027421,2
region_C_20260116_162625.jpg,2,31.2620298,34.8027421,2
region_C_20260116_162628.jpg,2,31.2620298,34.8027421,2
region_C_20260116_162630.jpg,2,31.26204008,34.80264592,2
region_C_20260116_162632.jpg,2,31.2620013,34.8027817,2
region_C_20260116_162637.jpg,2,31.2620429,34.8026839,2
region_C_20260116_162640.jpg,2,31.2620641,34.8026885,2
region_C_20260116_162642.jpg,2,31.2620641,34.8026885,2
region_C_20260116_162644.jpg,2,31.2620641,34.8026885,2
region_C_20260116_162648.jpg,2,31.2620641,34.8026885,2
region_C_20260116_162651.jpg,2,31.2620641,34.8026885,2
region_C_20260116_162654.jpg,2,31.2620641,34.8026885,2
region_C_20260116_162656.jpg,2,31.2620641,34.8026885,2
region_C_20260116_162701.jpg,2,31.2620641,34.8026885,2
region_C_20260116_162704.jpg,2,31.2620641,34.8026885,2
region_C_20260116_162707.jpg,2,31.2620641,34.8026885,2
region_C_20260116_162710.jpg,2,31.2620641,34.8026885,2
region_C_20260116_162714.jpg,2,31.2620641,34.8026885,2
region_C_20260116_162717.jpg,2,31.2620641,34.8026885,2
region_C_20260116_162719.jpg,2,31.2620641,34.8026885,2
region_C_20260116_162722.jpg,2,31.26206414,34.80268858,2
region_C_20260116_162727.jpg,2,31.2620641,34.8026885,2
region_C_20260116_162729.jpg,2,31.2620641,34.8026885,2
region_C_20260116_162731.jpg,2,31.2620641,34.8026885,2
region_C_20260116_162734.jpg,2,31.2620641,34.8026885,2
region_C_20260116_162739.jpg,2,31.2620628,34.8026498,2
region_C_20260116_162741.jpg,2,31.2620208,34.8026341,2
region_C_20260116_162743.jpg,2,31.2620208,34.8026341,2
region_C_20260116_162746.jpg,2,31.2620208,34.8026341,2
region_C_20260116_162751.jpg,2,31.2620208,34.8026341,2
region_C_20260116_162753.jpg,2,31.2620208,34.8026341,2
region_C_20260116_162755.jpg,2,31.2620208,34.8026341,2
region_C_20260116_162758.jpg,2,31.2620208,34.8026341,2
region_C_20260116_162803.jpg,2,31.2620208,34.8026341,2
region_C_20260116_162805.jpg,2,31.2620208,34.8026341,2
region_C_20260116_162808.jpg,2,31.2620208,34.8026341,2
region_C_20260116_162811.jpg,2,31.2620208,34.8026341,2
region_C_20260116_162817.jpg,2,31.2620208,34.8026341,2
region_C_20260116_162819.jpg,2,31.2620208,34.8026341,2
region_C_20260116_162821.jpg,2,31.2620208,34.8026341,2
region_C_20260116_162823.jpg,2,31.2620208,34.8026341,2
region_C_20260116_162828.jpg,2,31.2620208,34.8026341,2
region_C_20260116_162830.jpg,2,31.2620208,34.8026341,2
region_C_20260116_162833.jpg,2,31.2620208,34.8026341,2
region_C_20260116_162836.jpg,2,31.2620208,34.8026341,2
region_C_20260116_162840.jpg,2,31.2620246,34.8024829,2
region_C_20260116_162842.jpg,2,31.2620246,34.8024829,2
region_C_20260116_162844.jpg,2,31.2620246,34.8024829,2
region_C_20260116_162847.jpg,2,31.2620246,34.8024829,2
region_C_20260116_162905.jpg,2,31.2620246,34.8024829,2
region_C_20260116_162907.jpg,2,31.2620246,34.8024829,2
region_C_20260116_162909.jpg,2,31.2620246,34.8024829,2
region_C_20260116_162911.jpg,2,31.2620246,34.8024829,2
region_C_20260116_162915.jpg,2,31.2620246,34.8024829,2
region_C_20260116_162917.jpg,2,31.2620246,34.8024829,2
region_C_20260116_162919.jpg,2,31.2620246,34.8024829,2
region_C_20260116_162921.jpg,2,31.2620246,34.8024829,2
region_C_20260116_162926.jpg,2,31.2620246,34.8024829,2
region_C_20260116_162928.jpg,2,31.2620246,34.8024829,2
region_C_20260116_162931.jpg,2,31.2620246,34.8024829,2
region_C_20260116_162933.jpg,2,31.2620246,34.8024829,2
region_C_20260116_162940.jpg,2,31.2619457,34.802539,2
region_C_20260116_162942.jpg,2,31.2619428,34.8025236,2
region_C_20260116_162944.jpg,2,31.2619428,34.8025236,2
region_C_20260116_162949.jpg,2,31.2619428,34.8025236,2
region_C_20260116_162952.jpg,2,31.2619428,34.8025236,2
region_C_20260116_162954.jpg,2,31.2619428,34.8025236,2
region_C_20260116_162957.jpg,2,31.2619428,34.8025236,2
region_C_20260116_163002.jpg,2,31.2619428,34.8025236,2
region_C_20260116_163004.jpg,2,31.2619428,34.8025236,2
region_C_20260116_163007.jpg,2,31.2619428,34.8025236,2
region_C_20260116_163010.jpg,2,31.2619428,34.8025236,2
region_C_20260116_163015.jpg,2,31.2619428,34.8025236,2
region_C_20260116_163018.jpg,2,31.2619428,34.8025236,2
region_C_20260116_163020.jpg,2,31.2619428,34.8025236,2
region_C_20260116_163022.jpg,2,31.2619428,34.8025236,2
region_C_20260116_163032.jpg,2,31.2619428,34.8025236,2
region_C_20260116_163034.jpg,2,31.2619428,34.8025236,2
region_C_20260116_163036.jpg,2,31.2620391,34.8025491,2
region_C_20260116_163039.jpg,2,31.2619783,34.8026982,2
region_C_20260116_163043.jpg,2,31.261942,34.8026294,2
region_C_20260116_163045.jpg,2,31.26194206,34.80262949,2
region_C_20260116_163048.jpg,2,31.261942,34.8026294,2
region_C_20260116_163050.jpg,2,31.261942,34.8026294,2
region_C_20260116_163056.jpg,2,31.261942,34.8026294,2
region_C_20260116_163058.jpg,2,31.26194206,34.80262949,2
region_C_20260116_163100.jpg,2,31.261942,34.8026294,2
region_C_20260116_163102.jpg,2,31.2619536,34.8027464,2
region_C_20260116_163107.jpg,2,31.2620803,34.8027508,2
region_C_20260116_163110.jpg,2,31.26198636,34.80271205,2
region_C_20260116_163112.jpg,2,31.2619863,34.802712,2
region_C_20260116_163114.jpg,2,31.2621876,34.802776,2
region_C_20260116_163119.jpg,2,31.2620207,34.802726,2
region_C_20260116_163122.jpg,2,31.2620207,34.802726,2
region_C_20260116_163124.jpg,2,31.2620207,34.802726,2
region_C_20260116_163127.jpg,2,31.2620207,34.802726,2
region_C_20260116_163132.jpg,2,31.2618716,34.8027357,2
region_C_20260116_163134.jpg,2,31.2619111,34.8027662,2
region_C_20260116_163136.jpg,2,31.2620111,34.8026686,2
region_C_20260116_163139.jpg,2,31.2619808,34.8027009,2
region_C_20260116_163143.jpg,2,31.2618599,34.8026956,2
region_C_20260116_163145.jpg,2,31.26194851,34.80272345,2
region_C_20260116_163148.jpg,2,31.2619485,34.8027234,2
region_C_20260116_163150.jpg,2,31.2619216,34.8027628,2
region_C_20260116_163154.jpg,2,31.2619443,34.8028026,2
region_C_20260116_163157.jpg,2,31.26194432,34.80280266,2
region_C_20260116_163159.jpg,2,31.2620647,34.8027059,2
region_C_20260116_163202.jpg,2,31.261934,34.8026736,2
region_C_20260116_163206.jpg,2,31.261934,34.8026736,2
region_C_20260116_163209.jpg,2,31.26193401,34.80267366,2
region_C_20260116_163211.jpg,2,31.261934,34.8026736,2
region_C_20260116_163213.jpg,2,31.261934,34.8026736,2
region_C_20260116_163218.jpg,2,31.261934,34.8026736,2
region_C_20260116_163220.jpg,2,31.26193401,34.80267366,2
region_C_20260116_163223.jpg,2,31.261934,34.8026736,2
region_C_20260116_163225.jpg,2,31.261934,34.8026736,2
region_C_20260116_163231.jpg,2,31.261934,34.8026736,2
region_C_20260116_163233.jpg,2,31.26193401,34.80267366,2
region_C_20260116_163235.jpg,2,31.261934,34.8026736,2
region_C_20260116_163237.jpg,2,31.261934,34.8026736,2
region_C_20260116_163241.jpg,2,31.261934,34.8026736,2
region_C_20260116_163243.jpg,2,31.26193401,34.80267366,2
region_C_20260116_163245.jpg,2,31.261934,34.8026736,2
region_C_20260116_163247.jpg,2,31.261934,34.8026736,2
region_C_20260116_163252.jpg,2,31.261934,34.8026736,2
region_C_20260116_163254.jpg,2,31.26193401,34.80267366,2
region_C_20260116_163256.jpg,2,31.261934,34.8026736,2
region_C_20260116_163300.jpg,2,31.2620715,34.8026539,2
region_C_20260116_163304.jpg,2,31.2620715,34.8026539,2
region_C_20260116_163306.jpg,2,31.26207151,34.80265397,2
region_C_20260116_163308.jpg,2,31.2620715,34.8026539,2
region_C_20260116_163310.jpg,2,31.2620715,34.8026539,2
region_C_20260116_163315.jpg,2,31.2620715,34.8026539,2
region_C_20260116_163317.jpg,2,31.26207151,34.80265397,2
region_C_20260116_163319.jpg,2,31.2620715,34.8026539,2
region_C_20260116_163322.jpg,2,31.2620715,34.8026539,2
region_C_20260116_163325.jpg,2,31.2620715,34.8026539,2
region_C_20260116_163328.jpg,2,31.26207151,34.80265397,2
region_C_20260116_163330.jpg,2,31.2620715,34.8026539,2
region_C_20260116_163332.jpg,2,31.2619681,34.8028164,2
region_C_20260116_163336.jpg,2,31.2619455,34.802834,2
region_C_20260116_163338.jpg,2,31.26205219,34.80279629,2
region_C_20260116_163340.jpg,2,31.2620453,34.8027202,2
region_C_20260116_163343.jpg,2,31.2620453,34.8027202,2
region_C_20260116_163351.jpg,2,31.2618339,34.8028019,2
region_C_20260116_163353.jpg,2,31.2618339,34.8028019,2
region_C_20260116_163356.jpg,2,31.2618339,34.8028019,2
region_C_20260116_163358.jpg,2,31.2618339,34.8028019,2
region_C_20260116_163401.jpg,2,31.2619796,34.8026286,2
region_C_20260116_163403.jpg,2,31.2619796,34.8026286,2
region_C_20260116_163405.jpg,2,31.26197969,34.80262865,2
region_C_20260116_163408.jpg,2,31.2619728,34.8027299,2
region_C_20260116_163412.jpg,2,31.2619728,34.8027299,2
region_C_20260116_163414.jpg,2,31.2618958,34.8028454,2
region_C_20260116_163417.jpg,2,31.2619261,34.8028704,2
region_C_20260116_163420.jpg,2,31.2619261,34.8028704,2
region_C_20260116_163424.jpg,2,31.2619966,34.8026807,2
region_C_20260116_163426.jpg,2,31.2619966,34.8026807,2
region_C_20260116_163429.jpg,2,31.2619966,34.8026807,2
region_C_20260116_163431.jpg,2,31.2619868,34.8027578,2
region_C_20260116_163436.jpg,2,31.2619968,34.8027655,2
region_C_20260116_163438.jpg,2,31.26199683,34.80276553,2
region_C_20260116_163441.jpg,2,31.2619968,34.8027655,2
region_C_20260116_163443.jpg,2,31.2619968,34.8027655,2
region_C_20260116_163511.jpg,2,31.2619968,34.8027655,2
region_C_20260116_163515.jpg,2,31.2619968,34.8027655,2
region_C_20260116_163517.jpg,2,31.26199683,34.80276553,2
region_C_20260116_163519.jpg,2,31.2619968,34.8027655,2
region_C_20260116_163530.jpg,2,31.2619846,34.8026109,2
region_C_20260116_163534.jpg,2,31.2619658,34.8026711,2
region_C_20260116_163536.jpg,2,31.26196586,34.80267115,2
region_C_20260116_163538.jpg,2,31.2619658,34.8026711,2
region_C_20260116_163544.jpg,2,31.2619658,34.8026711,2
region_C_20260116_163546.jpg,2,31.2619658,34.8026711,2
region_C_20260116_163548.jpg,2,31.26196586,34.80267115,2
region_C_20260116_163601.jpg,2,31.2619658,34.8026711,2
region_C_20260116_163603.jpg,2,31.2619658,34.8026711,2
region_C_20260116_163606.jpg,2,31.26196586,34.80267115,2
region_C_20260116_163609.jpg,2,31.2619658,34.8026711,2
region_C_20260116_163614.jpg,2,31.2619658,34.8026711,2
region_C_20260116_163616.jpg,2,31.2619658,34.8026711,2
region_C_20260116_163620.jpg,2,31.2619658,34.8026711,2
region_C_20260116_163623.jpg,2,31.26196586,34.80267115,2
region_C_20260116_163628.jpg,2,31.2620887,34.8025587,2
region_C_20260116_163631.jpg,2,31.2620341,34.8026554,2
region_C_20260116_163633.jpg,2,31.2620341,34.8026554,2
region_C_20260116_163636.jpg,2,31.2620341,34.8026554,2
region_C_20260116_163641.jpg,2,31.2620341,34.8026554,2
region_C_20260116_163644.jpg,2,31.2620341,34.8026554,2
region_C_20260116_163646.jpg,2,31.2620341,34.8026554,2
region_C_20260116_163650.jpg,2,31.26203413,34.80265547,2
region_C_20260116_163655.jpg,2,31.2620341,34.8026554,2
region_C_20260116_163658.jpg,2,31.2620341,34.8026554,2
region_C_20260116_163701.jpg,2,31.2620341,34.8026554,2
region_C_20260116_163703.jpg,2,31.2620341,34.8026554,2
region_C_20260116_163709.jpg,2,31.2620341,34.8026554,2
region_C_20260116_163711.jpg,2,31.2620341,34.8026554,2
region_C_20260116_163713.jpg,2,31.2620341,34.8026554,2
region_C_20260116_163716.jpg,2,31.26203413,34.80265547,2
region_C_20260116_163721.jpg,2,31.2620341,34.8026554,2
region_C_20260116_163724.jpg,2,31.2620341,34.8026554,2
region_C_20260116_163726.jpg,2,31.2620341,34.8026554,2
region_C_20260116_163729.jpg,2,31.26192278,34.80274131,2
region_C_20260116_163734.jpg,2,31.2619368,34.8027061,2
region_C_20260116_163737.jpg,2,31.2619368,34.8027061,2
region_C_20260116_163739.jpg,2,31.2619368,34.8027061,2
region_C_20260116_163741.jpg,2,31.2619368,34.8027061,2
region_C_20260116_163746.jpg,2,31.2619368,34.8027061,2
region_C_20260116_163749.jpg,2,31.2619368,34.8027061,2
region_C_20260116_163751.jpg,2,31.2619368,34.8027061,2
region_C_20260116_163754.jpg,2,31.26193686,34.80270619,2
region_C_20260116_163759.jpg,2,31.2619368,34.8027061,2
region_C_20260116_163801.jpg,2,31.2619368,34.8027061,2
region_C_20260116_163803.jpg,2,31.2619368,34.8027061,2
region_C_20260116_163805.jpg,2,31.26193686,34.80270619,2
region_C_20260116_163810.jpg,2,31.2619368,34.8027061,2
region_C_20260116_163812.jpg,2,31.2619368,34.8027061,2
region_C_20260116_163815.jpg,2,31.2619368,34.8027061,2
region_C_20260116_163818.jpg,2,31.26193686,34.80270619,2
region_C_20260116_163824.jpg,2,31.2619368,34.8027061,2
region_C_20260116_163826.jpg,2,31.2619368,34.8027061,2
region_C_20260116_163828.jpg,2,31.2621021,34.8026277,2
region_C_20260116_163831.jpg,2,31.2620046,34.802719,2
region_C_20260116_163834.jpg,2,31.2620046,34.802719,2
region_C_20260116_163840.jpg,2,31.2620046,34.802719,2
region_C_20260116_163842.jpg,2,31.2620046,34.802719,2
region_C_20260116_163844.jpg,2,31.2620046,34.802719,2
region_C_20260116_163847.jpg,2,31.2620046,34.802719,2
region_C_20260116_163851.jpg,2,31.2620046,34.802719,2
region_C_20260116_163853.jpg,2,31.2620046,34.802719,2
region_C_20260116_163855.jpg,2,31.2620046,34.802719,2
region_C_20260116_163858.jpg,2,31.2620046,34.802719,2
region_C_20260116_163903.jpg,2,31.2620046,34.802719,2
region_C_20260116_163905.jpg,2,31.2620046,34.802719,2
region_C_20260116_163907.jpg,2,31.2620046,34.802719,2
region_C_20260116_163909.jpg,2,31.2620046,34.802719,2
region_C_20260116_163945.jpg,2,31.2620148,34.8027033,2
region_C_20260116_163947.jpg,2,31.2619594,34.8026341,2
region_C_20260116_163950.jpg,2,31.2619594,34.8026341,2
region_C_20260116_163952.jpg,2,31.2619594,34.8026341,2
region_C_20260116_163958.jpg,2,31.2619594,34.8026341,2
region_C_20260116_164000.jpg,2,31.2619594,34.8026341,2
region_C_20260116_164002.jpg,2,31.26195949,34.8026341,2
region_C_20260116_164004.jpg,2,31.2619594,34.8026341,2
region_C_20260116_164009.jpg,2,31.2619594,34.8026341,2
region_C_20260116_164012.jpg,2,31.26195949,34.8026341,2
region_C_20260116_164014.jpg,2,31.2619594,34.8026341,2
region_C_20260116_164017.jpg,2,31.2619594,34.8026341,2
region_C_20260116_164021.jpg,2,31.2619594,34.8026341,2
region_C_20260116_164024.jpg,2,31.26195949,34.8026341,2
region_C_20260116_164026.jpg,2,31.2619594,34.8026341,2
region_C_20260116_164028.jpg,2,31.2619594,34.8026341,2
region_C_20260116_164035.jpg,2,31.2619594,34.8026341,2
region_C_20260116_164038.jpg,2,31.26195949,34.8026341,2
region_C_20260116_164040.jpg,2,31.2619594,34.8026341,2
region_C_20260116_164043.jpg,2,31.2619944,34.8027107,2
region_C_20260116_164048.jpg,2,31.2619695,34.8026967,2
region_C_20260116_164050.jpg,2,31.2619695,34.8026967,2
region_C_20260116_164054.jpg,2,31.2619695,34.8026967,2
region_C_20260116_164057.jpg,2,31.2619695,34.8026967,2
region_C_20260116_164102.jpg,2,31.2619695,34.8026967,2
region_C_20260116_164105.jpg,2,31.26196951,34.80269671,2
region_C_20260116_164107.jpg,2,31.2619695,34.8026967,2
region_C_20260116_164110.jpg,2,31.2619695,34.8026967,2
region_C_20260116_164115.jpg,2,31.2619695,34.8026967,2
region_C_20260116_164119.jpg,2,31.2619695,34.8026967,2
region_C_20260116_164121.jpg,2,31.2619695,34.8026967,2
region_C_20260116_164124.jpg,2,31.2619695,34.8026967,2
region_C_20260116_164129.jpg,2,31.2619695,34.8026967,2
region_C_20260116_164132.jpg,2,31.26196951,34.80269671,2
region_C_20260116_164136.jpg,2,31.2619695,34.8026967,2
region_C_20260116_164139.jpg,2,31.2619695,34.8026967,2
region_C_20260116_164144.jpg,2,31.2619867,34.8028127,2
region_C_20260116_164147.jpg,2,31.2619571,34.802803,2
region_C_20260116_164149.jpg,2,31.2619571,34.802803,2
region_C_20260116_164151.jpg,2,31.2619571,34.802803,2
region_C_20260116_164156.jpg,2,31.2619571,34.80280308,2
region_C_20260116_164158.jpg,2,31.2619571,34.802803,2
region_C_20260116_164200.jpg,2,31.2619571,34.802803,2
region_C_20260116_164203.jpg,2,31.2619571,34.802803,2
region_C_20260116_164207.jpg,2,31.2619571,34.80280308,2
region_C_20260116_164210.jpg,2,31.2619571,34.802803,2
region_C_20260116_164212.jpg,2,31.2619571,34.802803,2
region_C_20260116_164215.jpg,2,31.2619571,34.802803,2
region_C_20260116_164219.jpg,2,31.2619571,34.802803,2
region_C_20260116_164221.jpg,2,31.2619571,34.802803,2
region_C_20260116_164223.jpg,2,31.2619571,34.802803,2
region_C_20260116_164225.jpg,2,31.2619571,34.802803,2
region_C_20260116_164230.jpg,2,31.2619571,34.802803,2
region_C_20260116_164232.jpg,2,31.2619571,34.802803,2
region_C_20260116_164234.jpg,2,31.2619571,34.802803,2
region_C_20260116_164236.jpg,2,31.2619571,34.802803,2
region_C_20260116_164241.jpg,2,31.2619571,34.80280308,2
region_C_20260116_164244.jpg,2,31.2620716,34.8025882,2
region_C_20260116_164247.jpg,2,31.2620716,34.8025882,2
region_C_20260116_164254.jpg,2,31.2620716,34.8025882,2
region_C_20260116_164256.jpg,2,31.2620716,34.8025882,2
region_C_20260116_164258.jpg,2,31.26207164,34.80258825,2
region_C_20260116_164301.jpg,2,31.26207164,34.80258825,2
region_C_20260116_164306.jpg,2,31.2620716,34.8025882,2
region_C_20260116_164309.jpg,2,31.2620716,34.8025882,2
region_C_20260116_164311.jpg,2,31.26207164,34.80258825,2
region_C_20260116_164313.jpg,2,31.2620716,34.8025882,2
region_C_20260116_164318.jpg,2,31.2620716,34.8025882,2
region_C_20260116_164320.jpg,2,31.2620716,34.8025882,2
region_C_20260116_164322.jpg,2,31.2620716,34.8025882,2
region_C_20260116_164325.jpg,2,31.2620716,34.8025882,2
region_C_20260116_164330.jpg,2,31.2620716,34.8025882,2
region_C_20260116_164332.jpg,2,31.2620716,34.8025882,2
region_C_20260116_164335.jpg,2,31.2620716,34.8025882,2
region_C_20260116_164337.jpg,2,31.26207164,34.80258825,2
region_C_20260116_164342.jpg,2,31.2620716,34.8025882,2
region_C_20260116_164344.jpg,2,31.2620631,34.8026014,2
region_C_20260116_164346.jpg,2,31.2620171,34.8026573,2
region_C_20260116_164348.jpg,2,31.2620171,34.8026573,2
region_C_20260116_164352.jpg,2,31.2620171,34.8026573,2
region_C_20260116_164355.jpg,2,31.2620171,34.8026573,2
region_C_20260116_164357.jpg,2,31.2620171,34.8026573,2
region_C_20260116_164359.jpg,2,31.26201716,34.80265732,2
region_C_20260116_164404.jpg,2,31.2620171,34.8026573,2
region_C_20260116_164407.jpg,2,31.2620171,34.8026573,2
region_C_20260116_164409.jpg,2,31.2620171,34.8026573,2
region_C_20260116_164412.jpg,2,31.26201716,34.80265732,2
region_C_20260116_164416.jpg,2,31.2620171,34.8026573,2
region_C_20260116_164419.jpg,2,31.2620171,34.8026573,2
region_C_20260116_164421.jpg,2,31.2620171,34.8026573,2
region_C_20260116_164423.jpg,2,31.26201716,34.80265732,2
region_C_20260116_164427.jpg,2,31.2620171,34.8026573,2
region_C_20260116_164430.jpg,2,31.2620171,34.8026573,2
region_C_20260116_164432.jpg,2,31.2620171,34.8026573,2
region_C_20260116_164434.jpg,2,31.26201716,34.80265732,2
region_C_20260116_164438.jpg,2,31.2620171,34.8026573,2
region_C_20260116_164441.jpg,2,31.2620171,34.8026573,2
region_C_20260116_164443.jpg,2,31.2620425,34.8026859,2
region_C_20260116_164445.jpg,2,31.26201691,34.80271742,2
region_C_20260116_164449.jpg,2,31.2620169,34.8027174,2
region_C_20260116_164452.jpg,2,31.2620169,34.8027174,2
region_C_20260116_164454.jpg,2,31.2620169,34.8027174,2
region_C_20260116_164457.jpg,2,31.2620169,34.8027174,2
region_C_20260116_164503.jpg,2,31.2620169,34.8027174,2
region_C_20260116_164506.jpg,2,31.2620169,34.8027174,2
region_C_20260116_164509.jpg,2,31.2620169,34.8027174,2
region_C_20260116_164511.jpg,2,31.26201691,34.80271742,2
region_C_20260116_164516.jpg,2,31.2620169,34.8027174,2
region_C_20260116_164518.jpg,2,31.2620169,34.8027174,2
region_C_20260116_164520.jpg,2,31.2620169,34.8027174,2
region_C_20260116_164522.jpg,2,31.2620169,34.8027174,2
region_C_20260116_164527.jpg,2,31.2620169,34.8027174,2
region_C_20260116_164529.jpg,2,31.2620169,34.8027174,2
region_C_20260116_164531.jpg,2,31.2620169,34.8027174,2
region_C_20260116_164533.jpg,2,31.26201691,34.80271742,2
region_C_20260116_164537.jpg,2,31.2620169,34.8027174,2
region_C_20260116_164540.jpg,2,31.2620169,34.8027174,2
region_C_20260116_164542.jpg,2,31.2620169,34.8027174,2
region_C_20260116_164544.jpg,2,31.2619736,34.8025088,2
region_C_20260116_164551.jpg,2,31.2619736,34.8025088,2
region_C_20260116_164554.jpg,2,31.2619736,34.8025088,2
region_C_20260116_164556.jpg,2,31.2619736,34.8025088,2
region_C_20260116_164558.jpg,2,31.2619737,34.80250887,2
region_C_20260116_164602.jpg,2,31.2619736,34.8025088,2
region_C_20260116_164605.jpg,2,31.2619736,34.8025088,2
region_C_20260116_164607.jpg,2,31.2619736,34.8025088,2
region_C_20260116_164609.jpg,2,31.2619736,34.8025088,2
region_C_20260116_164622.jpg,2,31.2619736,34.8025088,2
region_C_20260116_164624.jpg,2,31.2619736,34.8025088,2
region_C_20260116_164627.jpg,2,31.2619737,34.80250887,2
region_C_20260116_164630.jpg,2,31.2619736,34.8025088,2
region_C_20260116_164634.jpg,2,31.2619736,34.8025088,2
region_C_20260116_164636.jpg,2,31.2619736,34.8025088,2
region_C_20260116_164638.jpg,2,31.2619736,34.8025088,2
region_C_20260116_164640.jpg,2,31.2619736,34.8025088,2
region_C_20260116_164645.jpg,2,31.2619755,34.8026508,2
region_C_20260116_164647.jpg,2,31.26197554,34.80265086,2
region_C_20260116_164650.jpg,2,31.2619755,34.8026508,2
region_C_20260116_164652.jpg,2,31.2619755,34.8026508,2
region_C_20260116_164657.jpg,2,31.2619755,34.8026508,2
region_C_20260116_164659.jpg,2,31.2619755,34.8026508,2
region_C_20260116_164701.jpg,2,31.2619755,34.8026508,2
region_C_20260116_164705.jpg,2,31.2619755,34.8026508,2
region_C_20260116_164710.jpg,2,31.2619755,34.8026508,2
region_C_20260116_164712.jpg,2,31.26197554,34.80265086,2
region_C_20260116_164715.jpg,2,31.2619755,34.8026508,2
region_C_20260116_164717.jpg,2,31.2619755,34.8026508,2
region_C_20260116_164721.jpg,2,31.2619755,34.8026508,2
region_C_20260116_164724.jpg,2,31.26197554,34.80265086,2
region_C_20260116_164726.jpg,2,31.2619755,34.8026508,2
region_C_20260116_164729.jpg,2,31.2619755,34.8026508,2
region_C_20260116_164733.jpg,2,31.2619755,34.8026508,2
region_C_20260116_164735.jpg,2,31.2619755,34.8026508,2
region_C_20260116_164738.jpg,2,31.2619755,34.8026508,2
region_C_20260116_164740.jpg,2,31.2619755,34.8026508,2
region_C_20260116_164745.jpg,2,31.261999,34.8027735,2
region_C_20260116_164747.jpg,2,31.261999,34.8027735,2
region_C_20260116_164751.jpg,2,31.261999,34.8027735,2
region_C_20260116_164753.jpg,2,31.261999,34.8027735,2
region_C_20260116_164757.jpg,2,31.261999,34.8027735,2
region_C_20260116_164800.jpg,2,31.261999,34.8027735,2
region_C_20260116_164802.jpg,2,31.261999,34.8027735,2
region_C_20260116_164805.jpg,2,31.261999,34.8027735,2
region_C_20260116_164809.jpg,2,31.261999,34.8027735,2
region_C_20260116_164812.jpg,2,31.261999,34.8027735,2
region_C_20260116_164814.jpg,2,31.261999,34.8027735,2
region_C_20260116_164816.jpg,2,31.261999,34.8027735,2
region_C_20260116_164820.jpg,2,31.261999,34.8027735,2
region_C_20260116_164822.jpg,2,31.261999,34.8027735,2
region_C_20260116_164826.jpg,2,31.261999,34.8027735,2
region_C_20260116_164828.jpg,2,31.261999,34.8027735,2
region_C_20260116_164832.jpg,2,31.26199905,34.80277357,2
region_C_20260116_164834.jpg,2,31.261999,34.8027735,2
region_C_20260116_164836.jpg,2,31.261999,34.8027735,2
region_C_20260116_164838.jpg,2,31.261999,34.8027735,2
region_C_20260116_164842.jpg,2,31.2618825,34.80287533,2
region_C_20260116_164845.jpg,2,31.2620256,34.8026822,2
region_C_20260116_164847.jpg,2,31.2620256,34.8026822,2
region_C_20260116_164849.jpg,2,31.2620256,34.8026822,2
region_C_20260116_164856.jpg,2,31.2620256,34.8026822,2
region_C_20260116_164859.jpg,2,31.2620256,34.8026822,2
region_C_20260116_164903.jpg,2,31.2620256,34.8026822,2
region_C_20260116_164905.jpg,2,31.2620256,34.8026822,2
region_D_20260117_151007.jpg,3,31.2621476,34.8014433,3
region_D_20260117_151009.jpg,3,31.2620309,34.8014367,3
region_D_20260117_151011.jpg,3,31.2620112,34.801439,3
region_D_20260117_151013.jpg,3,31.2619969,34.8014466,3
region_D_20260117_151026.jpg,3,31.2619969,34.8014466,3
region_D_20260117_151029.jpg,3,31.2619969,34.8014466,3
region_D_20260117_151031.jpg,3,31.2619969,34.8014466,3
region_D_20260117_151033.jpg,3,31.2619969,34.8014466,3
region_D_20260117_151040.jpg,3,31.2619969,34.8014466,3
region_D_20260117_151043.jpg,3,31.2619969,34.8014466,3
region_D_20260117_151046.jpg,3,31.2619969,34.8014466,3
region_D_20260117_151049.jpg,3,31.2619969,34.8014466,3
region_D_20260117_151055.jpg,3,31.2619969,34.8014466,3
region_D_20260117_151057.jpg,3,31.2619969,34.8014466,3
region_D_20260117_151100.jpg,3,31.2619969,34.8014466,3
region_D_20260117_151102.jpg,3,31.2619969,34.8014466,3
region_D_20260117_151109.jpg,3,31.2619969,34.8014466,3
region_D_20260117_151111.jpg,3,31.2618745,34.8014256,3
region_D_20260117_151113.jpg,3,31.2618349,34.8014227,3
region_D_20260117_151115.jpg,3,31.2618349,34.8014227,3
region_D_20260117_151119.jpg,3,31.2618349,34.8014227,3
region_D_20260117_151126.jpg,3,31.2618349,34.8014227,3
region_D_20260117_151129.jpg,3,31.2617862,34.8014807,3
region_D_20260117_151131.jpg,3,31.2618335,34.8014943,3
region_D_20260117_151133.jpg,3,31.2618335,34.8014943,3
region_D_20260117_151142.jpg,3,31.2618783,34.8015346,3
region_D_20260117_151144.jpg,3,31.2618867,34.8015345,3
region_D_20260117_151146.jpg,3,31.2618867,34.8015345,3
region_D_20260117_151147.jpg,3,31.2618867,34.8015345,3
region_D_20260117_151149.jpg,3,31.2618867,34.8015345,3
region_D_20260117_151154.jpg,3,31.2618867,34.8015345,3
region_D_20260117_151156.jpg,3,31.2618454,34.8014949,3
region_D_20260117_151158.jpg,3,31.2618727,34.8014802,3
region_D_20260117_151201.jpg,3,31.2618727,34.8014802,3
region_D_20260117_151225.jpg,3,31.2619667,34.8014684,3
region_D_20260117_151228.jpg,3,31.2619667,34.8014684,3
region_D_20260117_151230.jpg,3,31.2619667,34.8014684,3
region_D_20260117_151232.jpg,3,31.2619667,34.8014684,3
region_D_20260117_151241.jpg,3,31.2619667,34.8014684,3
region_D_20260117_151243.jpg,3,31.2619667,34.8014684,3
region_D_20260117_151245.jpg,3,31.2619667,34.8014684,3
region_D_20260117_151310.jpg,3,31.2619667,34.8014684,3
region_D_20260117_151312.jpg,3,31.2617796,34.801518,3
region_D_20260117_151314.jpg,3,31.2617569,34.8015104,3
region_D_20260117_151324.jpg,3,31.2617569,34.8015104,3
region_D_20260117_151327.jpg,3,31.2617569,34.8015104,3
region_D_20260117_151329.jpg,3,31.2617569,34.8015104,3
region_D_20260117_151332.jpg,3,31.2617569,34.8015104,3
region_D_20260117_151339.jpg,3,31.2617569,34.8015104,3
region_D_20260117_151341.jpg,3,31.2617569,34.8015104,3
region_D_20260117_151343.jpg,3,31.2617569,34.8015104,3
region_D_20260117_151347.jpg,3,31.2617569,34.8015104,3
region_D_20260117_151353.jpg,3,31.2617569,34.8015104,3
region_D_20260117_151356.jpg,3,31.2617569,34.8015104,3
region_D_20260117_151358.jpg,3,31.2617569,34.8015104,3
region_D_20260117_151401.jpg,3,31.2617569,34.8015104,3
region_D_20260117_151403.jpg,3,31.2617569,34.8015104,3
region_D_20260117_151415.jpg,3,31.2616346,34.8015162,3
region_D_20260117_151417.jpg,3,31.2616346,34.8015162,3
region_D_20260117_151419.jpg,3,31.2616346,34.8015162,3
region_D_20260117_151426.jpg,3,31.2616346,34.8015162,3
region_D_20260117_151428.jpg,3,31.2616346,34.8015162,3
region_D_20260117_151432.jpg,3,31.2616346,34.8015162,3
region_D_20260117_151439.jpg,3,31.2616346,34.8015162,3
region_D_20260117_151442.jpg,3,31.2616346,34.8015162,3
region_D_20260117_151444.jpg,3,31.2616346,34.8015162,3
region_D_20260117_151448.jpg,3,31.2616346,34.8015162,3
region_D_20260117_151459.jpg,3,31.2616346,34.8015162,3
region_D_20260117_151505.jpg,3,31.2616346,34.8015162,3
region_D_20260117_151508.jpg,3,31.2616346,34.8015162,3
region_D_20260117_151525.jpg,3,31.2616538,34.8015266,3
region_D_20260117_151527.jpg,3,31.2616538,34.8015266,3
region_D_20260117_151529.jpg,3,31.2616538,34.8015266,3
region_D_20260117_151532.jpg,3,31.2616538,34.8015266,3
region_D_20260117_151540.jpg,3,31.2616538,34.8015266,3
region_D_20260117_151542.jpg,3,31.2616538,34.8015266,3
region_D_20260117_151544.jpg,3,31.2616538,34.8015266,3
region_D_20260117_151546.jpg,3,31.2616538,34.8015266,3
region_D_20260117_151554.jpg,3,31.2616538,34.8015266,3
region_D_20260117_151556.jpg,3,31.2616538,34.8015266,3
region_D_20260117_151558.jpg,3,31.2616538,34.8015266,3
region_D_20260117_151600.jpg,3,31.2616538,34.8015266,3
region_D_20260117_151606.jpg,3,31.2616538,34.8015266,3
region_D_20260117_151609.jpg,3,31.2616538,34.8015266,3
region_D_20260117_151612.jpg,3,31.2619051,34.8015322,3
region_D_20260117_151614.jpg,3,31.2619285,34.8015189,3
region_D_20260117_151621.jpg,3,31.2619285,34.8015189,3
region_D_20260117_151623.jpg,3,31.2619285,34.8015189,3
region_D_20260117_151626.jpg,3,31.2619285,34.8015189,3
region_D_20260117_151628.jpg,3,31.2619535,34.8015064,3
region_D_20260117_151634.jpg,3,31.2619678,34.8015554,3
region_D_20260117_151636.jpg,3,31.2619866,34.8015764,3
region_D_20260117_151638.jpg,3,31.2619792,34.8015523,3
region_D_20260117_151640.jpg,3,31.2619792,34.8015523,3
region_D_20260117_151648.jpg,3,31.2619791,34.8015736,3
region_D_20260117_151650.jpg,3,31.2619791,34.8015736,3
region_D_20260117_151654.jpg,3,31.2619791,34.8015736,3
region_D_20260117_151702.jpg,3,31.2619725,34.8015774,3
region_D_20260117_151705.jpg,3,31.2619957,34.8015985,3
region_D_20260117_151708.jpg,3,31.2619957,34.8015985,3
region_D_20260117_151721.jpg,3,31.2619249,34.8016447,3
region_D_20260117_151723.jpg,3,31.2620052,34.8016142,3
region_D_20260117_151726.jpg,3,31.2619884,34.8016182,3
region_D_20260117_151728.jpg,3,31.2619954,34.8016222,3
region_D_20260117_151734.jpg,3,31.2619224,34.801609,3
region_D_20260117_151737.jpg,3,31.2619224,34.801609,3
region_D_20260117_151739.jpg,3,31.2618705,34.8015829,3
region_D_20260117_151741.jpg,3,31.2619032,34.8015861,3
region_D_20260117_151748.jpg,3,31.2618842,34.8016142,3
region_D_20260117_151751.jpg,3,31.2618842,34.8016142,3
region_D_20260117_151753.jpg,3,31.2618724,34.8016368,3
region_D_20260117_151755.jpg,3,31.2618473,34.8016241,3
region_D_20260117_151802.jpg,3,31.2618384,34.801614,3
region_D_20260117_151804.jpg,3,31.2618384,34.801614,3
region_D_20260117_151806.jpg,3,31.2618033,34.8016726,3
region_D_20260117_151808.jpg,3,31.2618434,34.8016192,3
region_D_20260117_151815.jpg,3,31.2617937,34.8016092,3
region_D_20260117_151817.jpg,3,31.2617912,34.8016376,3
region_D_20260117_151819.jpg,3,31.2617912,34.8016376,3
region_D_20260117_151821.jpg,3,31.2617807,34.8016762,3
region_D_20260117_151827.jpg,3,31.2618001,34.8016549,3
region_D_20260117_151829.jpg,3,31.2618001,34.8016549,3
region_D_20260117_151832.jpg,3,31.2618001,34.8016549,3
region_D_20260117_151834.jpg,3,31.2618001,34.8016549,3
region_D_20260117_151843.jpg,3,31.2618001,34.8016549,3
region_D_20260117_151844.jpg,3,31.2618001,34.8016549,3
region_D_20260117_151846.jpg,3,31.2618001,34.8016549,3
region_D_20260117_151848.jpg,3,31.2618001,34.8016549,3
region_D_20260117_151851.jpg,3,31.2618001,34.8016549,3
region_D_20260117_151903.jpg,3,31.2616998,34.8016022,3
region_D_20260117_151905.jpg,3,31.2617302,34.8016129,3
region_D_20260117_151906.jpg,3,31.2616277,34.8016331,3
region_D_20260117_151913.jpg,3,31.2616277,34.8016331,3
region_D_20260117_151915.jpg,3,31.2616277,34.8016331,3
region_D_20260117_151917.jpg,3,31.2616277,34.8016331,3
region_D_20260117_151927.jpg,3,31.2616277,34.8016331,3
region_D_20260117_151929.jpg,3,31.2617203,34.8016755,3
region_D_20260117_151931.jpg,3,31.2616484,34.8017177,3
region_D_20260117_151952.jpg,3,31.2616645,34.8017457,3
region_D_20260117_151956.jpg,3,31.2616271,34.8016651,3
region_D_20260117_151958.jpg,3,31.2616724,34.8016548,3
region_D_20260117_152000.jpg,3,31.2616724,34.8016548,3
region_D_20260117_152006.jpg,3,31.2617213,34.8017094,3
region_D_20260117_152008.jpg,3,31.2617213,34.8017094,3
region_D_20260117_152011.jpg,3,31.2616953,34.8016659,3
region_D_20260117_152013.jpg,3,31.2616821,34.8016633,3
region_D_20260117_152020.jpg,3,31.2617201,34.8016852,3
region_D_20260117_152022.jpg,3,31.2617201,34.8016852,3
region_D_20260117_152024.jpg,3,31.2617506,34.8016861,3
region_D_20260117_152026.jpg,3,31.2617493,34.8016545,3
region_D_20260117_152033.jpg,3,31.2617493,34.8016545,3
region_D_20260117_152035.jpg,3,31.2617493,34.8016545,3
region_D_20260117_152038.jpg,3,31.2617493,34.8016545,3
region_D_20260117_152041.jpg,3,31.2617493,34.8016545,3
region_D_20260117_152047.jpg,3,31.2617493,34.8016545,3
region_D_20260117_152049.jpg,3,31.2617493,34.8016545,3
region_D_20260117_152052.jpg,3,31.2617493,34.8016545,3
region_D_20260117_152054.jpg,3,31.2617493,34.8016545,3
region_D_20260117_152101.jpg,3,31.261856,34.801693,3
region_D_20260117_152103.jpg,3,31.261856,34.801693,3
region_D_20260117_152105.jpg,3,31.2618983,34.8016607,3
region_D_20260117_152108.jpg,3,31.2618959,34.8016662,3
region_D_20260117_152114.jpg,3,31.2618959,34.8016662,3
region_D_20260117_152116.jpg,3,31.2618959,34.8016662,3
region_D_20260117_152118.jpg,3,31.2618959,34.8016662,3
region_D_20260117_152121.jpg,3,31.2618959,34.8016662,3
region_D_20260117_152126.jpg,3,31.2618959,34.8016662,3
region_D_20260117_152128.jpg,3,31.2619827,34.8016761,3
region_D_20260117_152130.jpg,3,31.261943,34.8017175,3
region_D_20260117_152133.jpg,3,31.261943,34.8017175,3
region_D_20260117_152139.jpg,3,31.2619952,34.8016988,3
region_D_20260117_152143.jpg,3,31.2620075,34.801689,3
region_D_20260117_152145.jpg,3,31.2619834,34.8017084,3
region_D_20260117_152148.jpg,3,31.2619834,34.8017084,3
region_D_20260117_152154.jpg,3,31.2619834,34.8017084,3
region_D_20260117_152156.jpg,3,31.2619834,34.8017084,3
region_D_20260117_152200.jpg,3,31.262013,34.8017322,3
region_D_20260117_152202.jpg,3,31.262013,34.8017322,3
region_D_20260117_152206.jpg,3,31.2620801,34.8016991,3
region_D_20260117_152208.jpg,3,31.2620801,34.8016991,3
region_D_20260117_152210.jpg,3,31.2620625,34.8016674,3
region_D_20260117_152219.jpg,3,31.2620735,34.8015714,3
region_D_20260117_152240.jpg,3,31.2620704,34.8016954,3
region_D_20260117_152242.jpg,3,31.2620704,34.8016954,3
region_D_20260117_152244.jpg,3,31.2620704,34.8016954,3
region_D_20260117_152248.jpg,3,31.262056,34.8017673,3
region_D_20260117_152254.jpg,3,31.2620588,34.8017719,3
region_D_20260117_152307.jpg,3,31.2620096,34.8016798,3
region_D_20260117_152310.jpg,3,31.2620563,34.8017524,3
region_D_20260117_152311.jpg,3,31.2620476,34.8017495,3
region_D_20260117_152318.jpg,3,31.2620476,34.8017495,3
region_D_20260117_152320.jpg,3,31.2620476,34.8017495,3
region_D_20260117_152322.jpg,3,31.2620476,34.8017495,3
region_D_20260117_152324.jpg,3,31.2620476,34.8017495,3
region_D_20260117_152330.jpg,3,31.2620476,34.8017495,3
region_D_20260117_152332.jpg,3,31.2620476,34.8017495,3
region_D_20260117_152334.jpg,3,31.2620476,34.8017495,3
region_D_20260117_152336.jpg,3,31.2620476,34.8017495,3
region_D_20260117_152341.jpg,3,31.2620476,34.8017495,3
region_D_20260117_152343.jpg,3,31.2620476,34.8017495,3
region_D_20260117_152345.jpg,3,31.2620476,34.8017495,3
region_D_20260117_152348.jpg,3,31.2620476,34.8017495,3
region_D_20260117_152353.jpg,3,31.2620476,34.8017495,3
region_D_20260117_152355.jpg,3,31.2620476,34.8017495,3
region_D_20260117_152357.jpg,3,31.2620476,34.8017495,3
region_D_20260117_152358.jpg,3,31.2620476,34.8017495,3
region_D_20260117_152404.jpg,3,31.2620476,34.8017495,3
region_D_20260117_152406.jpg,3,31.2620476,34.8017495,3
region_D_20260117_152408.jpg,3,31.2617856,34.8017468,3
region_D_20260117_152410.jpg,3,31.2617985,34.801798,3
region_D_20260117_152417.jpg,3,31.2617816,34.8017626,3
region_D_20260117_152419.jpg,3,31.2617816,34.8017626,3
region_D_20260117_152421.jpg,3,31.2617816,34.8017626,3
region_D_20260117_152424.jpg,3,31.2617816,34.8017626,3
region_D_20260117_152432.jpg,3,31.2617254,34.8016839,3
region_D_20260117_152435.jpg,3,31.2617254,34.8016839,3
region_D_20260117_152437.jpg,3,31.2617127,34.8017643,3
region_D_20260117_152439.jpg,3,31.2616763,34.8017647,3
region_D_20260117_152445.jpg,3,31.2617289,34.8017533,3
region_D_20260117_152448.jpg,3,31.2616823,34.8017563,3
region_D_20260117_152451.jpg,3,31.2616823,34.8017563,3
region_D_20260117_152453.jpg,3,31.2616823,34.8017563,3
region_D_20260117_152458.jpg,3,31.2615811,34.8017378,3
region_D_20260117_152501.jpg,3,31.2616664,34.8017648,3
region_D_20260117_152503.jpg,3,31.2616664,34.8017648,3
region_D_20260117_152505.jpg,3,31.261884,34.8017892,3
region_D_20260117_152514.jpg,3,31.2616317,34.8017799,3
region_D_20260117_152522.jpg,3,31.2616598,34.8019178,3
region_D_20260117_152536.jpg,3,31.2616311,34.8018326,3
region_D_20260117_152538.jpg,3,31.2616311,34.8018326,3
region_D_20260117_152540.jpg,3,31.2616311,34.8018326,3
region_D_20260117_152542.jpg,3,31.2616311,34.8018326,3
region_D_20260117_152550.jpg,3,31.2616611,34.8017969,3
region_D_20260117_152552.jpg,3,31.2616517,34.8018424,3
region_D_20260117_152554.jpg,3,31.2616517,34.8018424,3
region_D_20260117_152556.jpg,3,31.2617207,34.8018092,3
region_D_20260117_152603.jpg,3,31.2617861,34.8018517,3
region_D_20260117_152605.jpg,3,31.2617273,34.8018231,3
region_D_20260117_152608.jpg,3,31.2617273,34.8018231,3
region_D_20260117_152610.jpg,3,31.2616955,34.8018115,3
region_D_20260117_152618.jpg,3,31.2618154,34.8018498,3
region_D_20260117_152621.jpg,3,31.2617474,34.8018302,3
region_D_20260117_152623.jpg,3,31.2617474,34.8018302,3
region_D_20260117_152626.jpg,3,31.2617341,34.8018068,3
region_D_20260117_152633.jpg,3,31.2618624,34.8018871,3
region_D_20260117_152635.jpg,3,31.2618262,34.8018607,3
region_D_20260117_152637.jpg,3,31.2618262,34.8018607,3
region_D_20260117_152639.jpg,3,31.2618733,34.8017863,3
region_D_20260117_152646.jpg,3,31.2618332,34.8018156,3
region_D_20260117_152648.jpg,3,31.2618347,34.8018322,3
region_D_20260117_152650.jpg,3,31.2618347,34.8018322,3
region_D_20260117_152652.jpg,3,31.2618744,34.8018344,3
region_D_20260117_152658.jpg,3,31.2618742,34.8018232,3
region_D_20260117_152700.jpg,3,31.2618687,34.80182,3
region_D_20260117_152703.jpg,3,31.2618504,34.8018221,3
region_D_20260117_152705.jpg,3,31.2618504,34.8018221,3
region_D_20260117_152711.jpg,3,31.2619291,34.8018145,3
region_D_20260117_152714.jpg,3,31.2619066,34.8018724,3
region_D_20260117_152716.jpg,3,31.2619159,34.8017998,3
region_D_20260117_152718.jpg,3,31.2619159,34.8017998,3
region_D_20260117_152726.jpg,3,31.2619591,34.8018368,3
region_D_20260117_152729.jpg,3,31.26192332,34.80187135,3
region_D_20260117_152736.jpg,3,31.2619733,34.8018519,3
region_D_20260117_152744.jpg,3,31.2619451,34.801823,3
region_D_20260117_152806.jpg,3,31.2619836,34.8018239,3
region_D_20260118_150938.jpg,3,31.2620865,34.8018337,3
region_D_20260118_150941.jpg,3,31.2620865,34.8018337,3
region_D_20260118_150944.jpg,3,31.2620865,34.8018337,3
region_D_20260118_150946.jpg,3,31.2620865,34.8018337,3
region_D_20260118_150953.jpg,3,31.2620865,34.8018337,3
region_D_20260118_150955.jpg,3,31.2620865,34.8018337,3
region_D_20260118_150958.jpg,3,31.2620865,34.8018337,3
region_D_20260118_151000.jpg,3,31.2620865,34.8018337,3
region_D_20260118_151006.jpg,3,31.2620865,34.8018337,3
region_D_20260118_151008.jpg,3,31.2620865,34.8018337,3
region_D_20260118_151011.jpg,3,31.2620865,34.8018337,3
region_D_20260118_151013.jpg,3,31.2620865,34.8018337,3
region_D_20260118_151019.jpg,3,31.2620865,34.8018337,3
region_D_20260118_151021.jpg,3,31.2620865,34.8018337,3
region_D_20260118_151024.jpg,3,31.2620865,34.8018337,3
region_D_20260118_151026.jpg,3,31.2620865,34.8018337,3
region_D_20260118_151032.jpg,3,31.261891,34.8018126,3
region_D_20260118_151034.jpg,3,31.261891,34.8018126,3
region_D_20260118_151037.jpg,3,31.261891,34.8018126,3
region_D_20260118_151039.jpg,3,31.261891,34.8018126,3
region_D_20260118_151045.jpg,3,31.2618478,34.8017747,3
region_D_20260118_151051.jpg,3,31.2618278,34.8017771,3
region_D_20260118_151055.jpg,3,31.2618706,34.8017903,3
region_D_20260118_151103.jpg,3,31.2618467,34.8017775,3
region_D_20260118_151110.jpg,3,31.2618467,34.8017775,3
region_D_20260118_151112.jpg,3,31.2618467,34.8017775,3
region_D_20260118_151114.jpg,3,31.2618467,34.8017775,3
region_D_20260118_151120.jpg,3,31.2618467,34.8017775,3
region_D_20260118_151127.jpg,3,31.2618467,34.8017775,3
region_D_20260118_151129.jpg,3,31.2618467,34.8017775,3
region_D_20260118_151131.jpg,3,31.2618467,34.8017775,3
region_D_20260118_151134.jpg,3,31.2618467,34.8017775,3
region_D_20260118_151143.jpg,3,31.2617416,34.8018022,3
region_D_20260118_151157.jpg,3,31.2617212,34.8018195,3
region_D_20260118_151201.jpg,3,31.2616832,34.8018203,3
region_D_20260118_151203.jpg,3,31.2616832,34.8018203,3
region_D_20260118_151210.jpg,3,31.2616832,34.8018203,3
region_D_20260118_151213.jpg,3,31.2618071,34.8018266,3
region_D_20260118_151214.jpg,3,31.2617089,34.8018311,3
region_D_20260118_151217.jpg,3,31.2617089,34.8018311,3
region_D_20260118_151223.jpg,3,31.2616432,34.8018071,3
region_D_20260118_151225.jpg,3,31.2615777,34.8018156,3
region_D_20260118_151227.jpg,3,31.2616102,34.8018202,3
region_D_20260118_151229.jpg,3,31.2616102,34.8018202,3
region_D_20260118_151235.jpg,3,31.2616102,34.8018202,3
region_D_20260118_151238.jpg,3,31.2616102,34.8018202,3
region_D_20260118_151242.jpg,3,31.2616548,34.8017975,3
region_D_20260118_151244.jpg,3,31.2617312,34.8018077,3
region_D_20260118_151252.jpg,3,31.2616533,34.8018019,3
region_D_20260118_151255.jpg,3,31.2616533,34.8018019,3
region_D_20260118_151257.jpg,3,31.2616899,34.80173,3
region_D_20260118_151259.jpg,3,31.261661,34.8017888,3
region_D_20260118_151306.jpg,3,31.2617104,34.8018237,3
region_D_20260118_151310.jpg,3,31.2617788,34.8018108,3
region_D_20260118_151313.jpg,3,31.261766,34.8019405,3
region_D_20260118_151316.jpg,3,31.261766,34.8019405,3
region_D_20260118_151322.jpg,3,31.2617196,34.8018763,3
region_D_20260118_151325.jpg,3,31.2616332,34.8018795,3
region_D_20260118_151327.jpg,3,31.261596,34.8018751,3
region_D_20260118_151329.jpg,3,31.261596,34.8018751,3
region_D_20260118_151336.jpg,3,31.2616234,34.801852,3
region_D_20260118_151340.jpg,3,31.2617305,34.8019194,3
region_D_20260118_151342.jpg,3,31.2617305,34.8019194,3
region_D_20260118_151344.jpg,3,31.2617305,34.8019194,3
region_D_20260118_151351.jpg,3,31.2616741,34.8018472,3
region_D_20260118_151354.jpg,3,31.2616722,34.8018446,3
region_D_20260118_151356.jpg,3,31.2616722,34.8018446,3
region_D_20260118_151358.jpg,3,31.2616722,34.8018446,3
region_D_20260118_151408.jpg,3,31.2617175,34.8018796,3
region_D_20260118_151410.jpg,3,31.2617175,34.8018796,3
region_D_20260118_151412.jpg,3,31.2617175,34.8018796,3
region_D_20260118_151414.jpg,3,31.2617408,34.801857,3
region_D_20260118_151420.jpg,3,31.2618439,34.8019073,3
region_D_20260118_151422.jpg,3,31.2617451,34.8018443,3
region_D_20260118_151424.jpg,3,31.2617451,34.8018443,3
region_D_20260118_151426.jpg,3,31.2617451,34.8018443,3
region_D_20260118_151432.jpg,3,31.2617851,34.8018651,3
region_D_20260118_151434.jpg,3,31.2617692,34.8018523,3
region_D_20260118_151437.jpg,3,31.2618035,34.801836,3
region_D_20260118_151439.jpg,3,31.2618035,34.801836,3
region_D_20260118_151445.jpg,3,31.261852,34.8018674,3
region_D_20260118_151447.jpg,3,31.261859,34.8018603,3
region_D_20260118_151451.jpg,3,31.2618537,34.8018323,3
region_D_20260118_151453.jpg,3,31.2618537,34.8018323,3
region_D_20260118_151501.jpg,3,31.2618576,34.8018447,3
region_D_20260118_151503.jpg,3,31.2618726,34.8018887,3
region_D_20260118_151505.jpg,3,31.2618653,34.8018571,3
region_D_20260118_151507.jpg,3,31.2618653,34.8018571,3
region_D_20260118_151513.jpg,3,31.2619001,34.8018457,3
region_D_20260118_151515.jpg,3,31.2619001,34.8018457,3
region_D_20260118_151517.jpg,3,31.2618783,34.8018784,3
region_D_20260118_151519.jpg,3,31.2619037,34.8018566,3
region_D_20260118_151525.jpg,3,31.2619612,34.8018603,3
region_D_20260118_151527.jpg,3,31.2619612,34.8018603,3
region_D_20260118_151529.jpg,3,31.2619612,34.8018603,3
region_D_20260118_151531.jpg,3,31.2619272,34.8018899,3
region_D_20260118_151537.jpg,3,31.2619804,34.8019194,3
region_D_20260118_151539.jpg,3,31.2619657,34.8018959,3
region_D_20260118_151542.jpg,3,31.2619657,34.8018959,3
region_D_20260118_151544.jpg,3,31.2619428,34.8019074,3
region_D_20260118_151550.jpg,3,31.2620396,34.8019114,3
region_D_20260118_151553.jpg,3,31.2620369,34.8019693,3
region_D_20260118_151554.jpg,3,31.2620121,34.8018884,3
region_D_20260118_151557.jpg,3,31.2620121,34.8018884,3
region_D_20260118_151606.jpg,3,31.2620285,34.8018047,3
region_D_20260118_151609.jpg,3,31.2620445,34.8017843,3
region_D_20260118_151611.jpg,3,31.2620445,34.8017843,3
region_D_20260118_151616.jpg,3,31.2619862,34.8018536,3
region_D_20260118_151630.jpg,3,31.2620075,34.8019303,3
region_D_20260118_151632.jpg,3,31.2620075,34.8019303,3
region_D_20260118_151634.jpg,3,31.2620075,34.8019303,3
region_D_20260118_151636.jpg,3,31.2620075,34.8019303,3
region_D_20260118_151643.jpg,3,31.261934,34.8019135,3
region_D_20260118_151645.jpg,3,31.2619551,34.8018829,3
region_D_20260118_151647.jpg,3,31.2619551,34.8018829,3
region_D_20260118_151649.jpg,3,31.2619615,34.8019428,3
region_D_20260118_151655.jpg,3,31.261977,34.8018762,3
region_D_20260118_151657.jpg,3,31.2619103,34.8018672,3
region_D_20260118_151659.jpg,3,31.2619448,34.8018682,3
region_D_20260118_151702.jpg,3,31.2619238,34.8019095,3
region_D_20260118_151710.jpg,3,31.2618853,34.8018742,3
region_D_20260118_151711.jpg,3,31.2618747,34.8019134,3
region_D_20260118_151713.jpg,3,31.261905,34.8018809,3
region_D_20260118_151715.jpg,3,31.261905,34.8018809,3
region_D_20260118_151721.jpg,3,31.2618718,34.8019009,3
region_D_20260118_151723.jpg,3,31.2618596,34.8019047,3
region_D_20260118_151725.jpg,3,31.2618546,34.8018757,3
region_D_20260118_151727.jpg,3,31.2618664,34.8018828,3
region_D_20260118_151733.jpg,3,31.261795,34.8018941,3
region_D_20260118_151735.jpg,3,31.261795,34.8018941,3
region_D_20260118_151737.jpg,3,31.2618491,34.8019221,3
region_D_20260118_151739.jpg,3,31.2618202,34.8019322,3
region_D_20260118_151746.jpg,3,31.2617564,34.8018805,3
region_D_20260118_151749.jpg,3,31.2617572,34.8018802,3
region_D_20260118_151751.jpg,3,31.2617989,34.8019235,3
region_D_20260118_151754.jpg,3,31.2617892,34.8018668,3
region_D_20260118_151800.jpg,3,31.2617333,34.8018696,3
region_D_20260118_151803.jpg,3,31.2617421,34.8018403,3
region_D_20260118_151810.jpg,3,31.2617556,34.8018775,3
region_D_20260118_151812.jpg,3,31.2617305,34.8018812,3
region_D_20260118_151820.jpg,3,31.2617098,34.8018813,3
region_D_20260118_151823.jpg,3,31.2617012,34.8019044,3
region_D_20260118_151825.jpg,3,31.2617012,34.8019044,3
region_D_20260118_151827.jpg,3,31.2616315,34.8018887,3
region_D_20260118_151833.jpg,3,31.2616561,34.8018949,3
region_D_20260118_151835.jpg,3,31.2616968,34.8018979,3
region_D_20260118_151837.jpg,3,31.2616361,34.8018931,3
region_D_20260118_151839.jpg,3,31.2616361,34.8018931,3
region_D_20260118_151847.jpg,3,31.2616279,34.8018681,3
region_D_20260118_151850.jpg,3,31.2616693,34.8019342,3
region_D_20260118_151852.jpg,3,31.2616693,34.8019342,3
region_D_20260118_151854.jpg,3,31.2618998,34.8020155,3
region_D_20260118_151903.jpg,3,31.261856,34.8018864,3
region_D_20260118_151908.jpg,3,31.2618421,34.8018605,3
region_D_20260118_151910.jpg,3,31.2618211,34.8018949,3
region_D_20260118_151912.jpg,3,31.2617738,34.8019281,3
region_D_20260118_151932.jpg,3,31.2616564,34.8019466,3
region_D_20260118_151934.jpg,3,31.2616564,34.8019466,3
region_D_20260118_151936.jpg,3,31.2617115,34.801925,3
region_D_20260118_151938.jpg,3,31.2615981,34.8018916,3
region_D_20260118_151945.jpg,3,31.2616318,34.8019002,3
region_D_20260118_151947.jpg,3,31.2616318,34.8019002,3
region_D_20260118_151949.jpg,3,31.2616318,34.8019002,3
region_D_20260118_151951.jpg,3,31.2616318,34.8019002,3
region_D_20260118_151959.jpg,3,31.2616318,34.8019002,3
region_D_20260118_152001.jpg,3,31.2616318,34.8019002,3
region_D_20260118_152003.jpg,3,31.2616318,34.8019002,3
region_D_20260118_152005.jpg,3,31.2616318,34.8019002,3
region_D_20260118_152011.jpg,3,31.2617568,34.801942,3
region_D_20260118_152014.jpg,3,31.2617307,34.8019394,3
region_D_20260118_152016.jpg,3,31.2617307,34.8019394,3
region_D_20260118_152017.jpg,3,31.2617768,34.8018966,3
region_D_20260118_152025.jpg,3,31.2617578,34.8019198,3
region_D_20260118_152027.jpg,3,31.2617578,34.8019198,3
region_D_20260118_152029.jpg,3,31.2617578,34.8019198,3
region_D_20260118_152031.jpg,3,31.2617578,34.8019198,3
region_D_20260118_152037.jpg,3,31.2617578,34.8019198,3
region_D_20260118_152039.jpg,3,31.2617578,34.8019198,3
region_D_20260118_152041.jpg,3,31.2618041,34.8019187,3
region_D_20260118_152048.jpg,3,31.2618594,34.8019472,3
region_D_20260118_152054.jpg,3,31.2619283,34.8019583,3
region_D_20260118_152057.jpg,3,31.2619032,34.8019442,3
region_D_20260118_152059.jpg,3,31.2619032,34.8019442,3
region_D_20260118_152101.jpg,3,31.2619032,34.8019442,3
region_D_20260118_152106.jpg,3,31.2619032,34.8019442,3
region_D_20260118_152108.jpg,3,31.2619032,34.8019442,3
region_D_20260118_152110.jpg,3,31.2618424,34.8019322,3
region_D_20260118_152112.jpg,3,31.2618295,34.8019316,3
region_D_20260118_152119.jpg,3,31.2619138,34.8019705,3
region_D_20260118_152121.jpg,3,31.2619138,34.8019705,3
region_D_20260118_152122.jpg,3,31.2619138,34.8019705,3
region_D_20260118_152124.jpg,3,31.2618939,34.8019331,3
region_D_20260118_152140.jpg,3,31.2619507,34.8019316,3
region_D_20260118_152142.jpg,3,31.2619507,34.8019316,3
region_D_20260118_152143.jpg,3,31.2619507,34.8019316,3
region_D_20260118_152145.jpg,3,31.2619092,34.8019482,3
region_D_20260118_152152.jpg,3,31.2620054,34.8019865,3
region_D_20260118_152154.jpg,3,31.2620078,34.8019581,3
region_D_20260118_152155.jpg,3,31.2620078,34.8019581,3
region_D_20260118_152157.jpg,3,31.2620078,34.8019581,3
region_D_20260118_152204.jpg,3,31.2620146,34.8019288,3
region_D_20260118_152206.jpg,3,31.2619757,34.8019499,3
region_D_20260118_152208.jpg,3,31.2619927,34.8018872,3
region_D_20260118_152216.jpg,3,31.2619808,34.801993,3
region_D_20260118_152218.jpg,3,31.2619808,34.801993,3
region_D_20260118_152220.jpg,3,31.2621192,34.8019208,3
region_D_20260118_152229.jpg,3,31.2619726,34.8019403,3
region_D_20260118_152231.jpg,3,31.2619726,34.8019403,3
region_D_20260118_152233.jpg,3,31.2619726,34.8019403,3
region_D_20260118_152240.jpg,3,31.2619438,34.8019554,3
region_D_20260118_152246.jpg,3,31.2619438,34.8019554,3
region_D_20260118_152248.jpg,3,31.2619438,34.8019554,3
region_D_20260118_152250.jpg,3,31.2619438,34.8019554,3
region_D_20260118_152256.jpg,3,31.2619438,34.8019554,3
region_D_20260118_152305.jpg,3,31.2619438,34.8019554,3
region_D_20260118_152307.jpg,3,31.2619438,34.8019554,3
region_D_20260118_152309.jpg,3,31.2619438,34.8019554,3
region_D_20260118_152311.jpg,3,31.2619322,34.8019482,3
region_D_20260118_152317.jpg,3,31.2618401,34.801951,3
region_D_20260118_152320.jpg,3,31.2618655,34.8019226,3
region_D_20260118_152322.jpg,3,31.2618655,34.8019226,3
region_D_20260118_152324.jpg,3,31.2618655,34.8019226,3
region_D_20260118_152331.jpg,3,31.2618655,34.8019226,3
region_D_20260118_152333.jpg,3,31.2618655,34.8019226,3
region_D_20260118_152335.jpg,3,31.2618655,34.8019226,3
region_D_20260118_152337.jpg,3,31.2618655,34.8019226,3
region_D_20260118_152344.jpg,3,31.2617812,34.8019772,3
region_D_20260118_152345.jpg,3,31.2617812,34.8019772,3
region_D_20260118_152347.jpg,3,31.2618048,34.8019626,3
region_D_20260118_152349.jpg,3,31.2618182,34.8019644,3
region_D_20260118_152356.jpg,3,31.2617572,34.8019124,3
region_D_20260118_152358.jpg,3,31.2617543,34.8019108,3
region_D_20260118_152400.jpg,3,31.2617543,34.8019108,3
region_D_20260118_152402.jpg,3,31.2617543,34.8019108,3
region_D_20260118_152411.jpg,3,31.2617543,34.8019108,3
region_D_20260118_152413.jpg,3,31.2618237,34.802035,3
region_D_20260118_152415.jpg,3,31.2617548,34.8019851,3
region_D_20260118_152416.jpg,3,31.261675,34.8019547,3
region_D_20260118_152423.jpg,3,31.2616852,34.8019525,3
region_D_20260118_152425.jpg,3,31.2616852,34.8019525,3
region_D_20260118_152426.jpg,3,31.2617276,34.8020096,3
region_D_20260118_152428.jpg,3,31.2617093,34.8020154,3
region_D_20260118_152434.jpg,3,31.2617869,34.8019995,3
region_D_20260118_152437.jpg,3,31.2616779,34.8019648,3
region_D_20260118_152439.jpg,3,31.2616779,34.8019648,3
region_D_20260118_152441.jpg,3,31.2617679,34.8020749,3
region_D_20260118_152453.jpg,3,31.2615888,34.8019695,3
region_D_20260118_152456.jpg,3,31.2617214,34.8019685,3
region_D_20260118_152457.jpg,3,31.2617916,34.8019588,3
region_D_20260118_152459.jpg,3,31.2617916,34.8019588,3
region_D_20260118_152514.jpg,3,31.2617196,34.8020215,3
region_D_20260118_152516.jpg,3,31.2617196,34.8020215,3
region_D_20260118_152517.jpg,3,31.2617196,34.8020215,3
region_D_20260118_152519.jpg,3,31.2617196,34.8020215,3
region_D_20260118_152525.jpg,3,31.2617196,34.8020215,3
region_D_20260118_152527.jpg,3,31.2617196,34.8020215,3
region_D_20260118_152529.jpg,3,31.2617196,34.8020215,3
region_D_20260118_152530.jpg,3,31.2617196,34.8020215,3
region_D_20260118_152538.jpg,3,31.2617196,34.8020215,3
region_D_20260118_152540.jpg,3,31.2617196,34.8020215,3
region_D_20260118_152542.jpg,3,31.2617196,34.8020215,3
region_D_20260118_152543.jpg,3,31.2617196,34.8020215,3
region_D_20260118_152553.jpg,3,31.2617196,34.8020215,3
region_D_20260118_152557.jpg,3,31.2617196,34.8020215,3
region_D_20260118_152600.jpg,3,31.2617196,34.8020215,3
region_D_20260118_152602.jpg,3,31.2617196,34.8020215,3
region_D_20260118_152608.jpg,3,31.2617436,34.8019542,3
region_D_20260118_152611.jpg,3,31.2617865,34.801957,3
region_D_20260118_152613.jpg,3,31.2617865,34.801957,3
region_D_20260118_152617.jpg,3,31.2617865,34.801957,3
region_D_20260118_152627.jpg,3,31.2617865,34.801957,3
region_D_20260118_152631.jpg,3,31.2617865,34.801957,3
region_D_20260118_152633.jpg,3,31.2617865,34.801957,3
region_D_20260118_152635.jpg,3,31.2617865,34.801957,3
region_D_20260118_152645.jpg,3,31.2619175,34.8019614,3
region_D_20260118_152647.jpg,3,31.2618835,34.8019389,3
region_D_20260118_152649.jpg,3,31.2618939,34.8020182,3
region_D_20260118_152651.jpg,3,31.2618726,34.8019652,3
region_D_20260118_152657.jpg,3,31.2619212,34.802036,3
region_D_20260118_152659.jpg,3,31.2618911,34.8020181,3
region_D_20260118_152701.jpg,3,31.2618911,34.8020181,3
region_D_20260118_152703.jpg,3,31.2618911,34.8020181,3
region_D_20260118_152713.jpg,3,31.2618911,34.8020181,3
region_D_20260118_152715.jpg,3,31.2619808,34.8020274,3
region_D_20260118_152717.jpg,3,31.2619408,34.8019807,3
region_D_20260118_152719.jpg,3,31.261942,34.8019924,3
region_D_20260118_152725.jpg,3,31.2619825,34.8019947,3
region_D_20260118_152727.jpg,3,31.2619056,34.8020122,3
region_D_20260118_152729.jpg,3,31.2619741,34.8019843,3
region_D_20260118_152732.jpg,3,31.2619741,34.8019843,3
region_D_20260118_152739.jpg,3,31.2619849,34.8019719,3
region_D_20260118_152742.jpg,3,31.2620138,34.8020812,3
region_D_20260118_152744.jpg,3,31.2619987,34.8020626,3
region_D_20260118_152746.jpg,3,31.2619987,34.8020626,3
region_D_20260118_152833.jpg,3,31.262044,34.8021062,3
region_D_20260118_152838.jpg,3,31.262044,34.8021062,3
region_D_20260118_152840.jpg,3,31.262044,34.8021062,3
region_D_20260118_152903.jpg,3,31.262044,34.8021062,3
region_D_20260118_152912.jpg,3,31.2618948,34.8020295,3
region_D_20260118_152914.jpg,3,31.2618948,34.8020295,3
region_D_20260118_152916.jpg,3,31.2618948,34.8020295,3
region_D_20260118_152918.jpg,3,31.2618948,34.8020295,3
region_D_20260118_152926.jpg,3,31.2618948,34.8020295,3
region_D_20260118_152928.jpg,3,31.2618948,34.8020295,3
region_D_20260118_152930.jpg,3,31.2618948,34.8020295,3
region_D_20260118_152933.jpg,3,31.2618948,34.8020295,3
region_D_20260118_152936.jpg,3,31.2618948,34.8020295,3
region_D_20260118_152944.jpg,3,31.2618948,34.8020295,3
region_D_20260118_152946.jpg,3,31.2618948,34.8020295,3
region_D_20260118_152949.jpg,3,31.2618948,34.8020295,3
region_D_20260118_152951.jpg,3,31.2618948,34.8020295,3
region_D_20260118_152954.jpg,3,31.2618948,34.8020295,3
region_D_20260118_153001.jpg,3,31.2618948,34.8020295,3
region_D_20260118_153003.jpg,3,31.2618948,34.8020295,3
region_D_20260118_153005.jpg,3,31.2618948,34.8020295,3
region_D_20260118_153007.jpg,3,31.2618948,34.8020295,3
region_D_20260118_153016.jpg,3,31.2617867,34.8020005,3
region_D_20260118_153019.jpg,3,31.2617867,34.8020005,3
region_D_20260118_153021.jpg,3,31.2618956,34.8020487,3
region_D_20260118_153023.jpg,3,31.2618252,34.8020323,3
region_D_20260118_153032.jpg,3,31.261789,34.8019876,3
region_D_20260118_153036.jpg,3,31.261789,34.8019876,3
region_D_20260118_153044.jpg,3,31.2618419,34.802036,3
region_D_20260118_153047.jpg,3,31.2618204,34.802018,3
region_D_20260118_153050.jpg,3,31.261794,34.8019588,3
region_D_20260118_153058.jpg,3,31.261719,34.8019485,3
region_D_20260118_153100.jpg,3,31.261719,34.8019485,3
region_D_20260118_153102.jpg,3,31.2617822,34.8019488,3
region_D_20260118_153105.jpg,3,31.2617266,34.8020099,3
region_D_20260118_153111.jpg,3,31.2616846,34.8020019,3
region_D_20260118_153113.jpg,3,31.2616451,34.8019878,3
region_D_20260118_153115.jpg,3,31.2616451,34.8019878,3
region_D_20260118_153118.jpg,3,31.2616755,34.8019739,3
region_D_20260118_153124.jpg,3,31.2616934,34.8020402,3
region_D_20260118_153127.jpg,3,31.2616567,34.8020239,3
region_D_20260118_153129.jpg,3,31.2616567,34.8020239,3
region_D_20260118_153132.jpg,3,31.2617185,34.8020326,3
region_D_20260118_153138.jpg,3,31.261653,34.8020761,3
region_D_20260118_153141.jpg,3,31.2616205,34.8020209,3
region_D_20260118_153143.jpg,3,31.2616205,34.8020209,3
region_D_20260118_153146.jpg,3,31.2617173,34.8020887,3
region_D_20260118_153155.jpg,3,31.2616351,34.8020456,3
region_D_20260118_153158.jpg,3,31.2616351,34.8020456,3
region_D_20260118_153159.jpg,3,31.2617939,34.8021282,3
region_D_20260118_153202.jpg,3,31.2617074,34.8020837,3
region_D_20260118_153459.jpg,3,31.2620374,34.802051,3
region_D_20260118_153501.jpg,3,31.2620374,34.802051,3
region_D_20260118_153503.jpg,3,31.2620374,34.802051,3
region_D_20260118_153505.jpg,3,31.2620374,34.802051,3
region_D_20260118_153511.jpg,3,31.2620374,34.802051,3
region_D_20260118_153517.jpg,3,31.2620374,34.802051,3
region_D_20260118_153520.jpg,3,31.2620374,34.802051,3
region_D_20260118_153522.jpg,3,31.2620374,34.802051,3
region_D_20260118_153524.jpg,3,31.2620374,34.802051,3
region_D_20260118_153527.jpg,3,31.2620374,34.802051,3
region_D_20260118_153533.jpg,3,31.2620374,34.802051,3
region_D_20260118_153537.jpg,3,31.2620374,34.802051,3
region_D_20260118_153539.jpg,3,31.2620374,34.802051,3
region_D_20260118_153541.jpg,3,31.2620374,34.802051,3
region_D_20260118_153716.jpg,3,31.2622376,34.8019249,3
region_D_20260118_153718.jpg,3,31.2622376,34.8019249,3
region_D_20260118_153720.jpg,3,31.2622376,34.8019249,3
region_D_20260118_153722.jpg,3,31.2622376,34.8019249,3
region_D_20260118_153730.jpg,3,31.2622376,34.8019249,3
region_D_20260118_153733.jpg,3,31.2622376,34.8019249,3
region_D_20260118_153735.jpg,3,31.2622376,34.8019249,3
region_D_20260118_153737.jpg,3,31.2622376,34.8019249,3
region_D_20260118_153743.jpg,3,31.2622376,34.8019249,3
region_D_20260118_153746.jpg,3,31.2622376,34.8019249,3
region_D_20260118_153748.jpg,3,31.2622376,34.8019249,3
region_D_20260118_153749.jpg,3,31.2622376,34.8019249,3
region_D_20260118_153757.jpg,3,31.2623342,34.8020865,3
region_D_20260118_153800.jpg,3,31.2623342,34.8020865,3
region_D_20260118_153802.jpg,3,31.2623342,34.8020865,3
region_D_20260118_153804.jpg,3,31.2623342,34.8020865,3
region_D_20260118_153805.jpg,3,31.2623342,34.8020865,3
region_D_20260118_153813.jpg,3,31.2623342,34.8020865,3
region_D_20260118_153815.jpg,3,31.2623342,34.8020865,3
region_D_20260118_153817.jpg,3,31.2623342,34.8020865,3
region_D_20260118_153820.jpg,3,31.2623342,34.8020865,3
region_D_20260118_153826.jpg,3,31.2623342,34.8020865,3
region_D_20260118_153829.jpg,3,31.2623342,34.8020865,3
region_D_20260118_153831.jpg,3,31.2623342,34.8020865,3
region_D_20260118_153833.jpg,3,31.2623342,34.8020865,3
region_D_20260118_153841.jpg,3,31.2623342,34.8020865,3
region_D_20260118_153844.jpg,3,31.2623342,34.8020865,3
region_D_20260118_153848.jpg,3,31.2623342,34.8020865,3
region_D_20260118_153852.jpg,3,31.2622569,34.8020568,3
region_D_20260118_153859.jpg,3,31.2622819,34.8020694,3
region_D_20260118_153903.jpg,3,31.2622819,34.8020694,3
region_D_20260118_153911.jpg,3,31.2622819,34.8020694,3
region_D_20260118_153913.jpg,3,31.2622819,34.8020694,3
region_D_20260118_153921.jpg,3,31.2622819,34.8020694,3
region_D_20260118_153924.jpg,3,31.2622819,34.8020694,3
region_D_20260118_153925.jpg,3,31.2622819,34.8020694,3
region_D_20260118_153927.jpg,3,31.2622819,34.8020694,3
region_D_20260118_153935.jpg,3,31.2622819,34.8020694,3
region_D_20260118_153937.jpg,3,31.2622819,34.8020694,3
region_D_20260118_153939.jpg,3,31.2622819,34.8020694,3
region_D_20260118_153941.jpg,3,31.2622819,34.8020694,3
region_D_20260118_154017.jpg,3,31.2622289,34.8020142,3
region_D_20260118_154019.jpg,3,31.2622289,34.8020142,3
region_D_20260118_154021.jpg,3,31.2622289,34.8020142,3
region_D_20260118_154024.jpg,3,31.2622289,34.8020142,3
region_D_20260118_154031.jpg,3,31.2622289,34.8020142,3
region_D_20260118_154034.jpg,3,31.2622289,34.8020142,3
region_D_20260118_154036.jpg,3,31.2622289,34.8020142,3
region_D_20260118_154039.jpg,3,31.2622289,34.8020142,3
region_D_20260118_154046.jpg,3,31.2622289,34.8020142,3
region_D_20260118_154048.jpg,3,31.2622289,34.8020142,3
region_D_20260118_154051.jpg,3,31.2620538,34.8019633,3
region_D_20260118_154053.jpg,3,31.2620418,34.8020027,3
region_D_20260118_154100.jpg,3,31.2620367,34.8020429,3
region_D_20260118_154103.jpg,3,31.2620367,34.8020429,3
region_D_20260118_154105.jpg,3,31.2620367,34.8020429,3
region_D_20260118_154108.jpg,3,31.2620367,34.8020429,3
region_D_20260118_154111.jpg,3,31.2620367,34.8020429,3
region_D_20260118_154117.jpg,3,31.2619493,34.8020648,3
region_D_20260118_154122.jpg,3,31.2618984,34.8020181,3
region_D_20260118_154126.jpg,3,31.2618878,34.8019964,3
region_D_20260118_154131.jpg,3,31.2619529,34.802031,3
region_D_20260118_154134.jpg,3,31.2619529,34.802031,3
region_D_20260118_154136.jpg,3,31.2619529,34.802031,3
region_D_20260118_154144.jpg,3,31.2619529,34.802031,3
region_D_20260118_154146.jpg,3,31.2619529,34.802031,3
region_D_20260118_154149.jpg,3,31.2619529,34.802031,3
region_D_20260118_154151.jpg,3,31.2619529,34.802031,3
region_D_20260118_154200.jpg,3,31.2619529,34.802031,3
region_D_20260118_154203.jpg,3,31.2619529,34.802031,3
region_D_20260118_154205.jpg,3,31.2619529,34.802031,3
region_D_20260118_154213.jpg,3,31.2618876,34.8021162,3
region_D_20260118_154221.jpg,3,31.2618443,34.8020179,3
region_D_20260118_154234.jpg,3,31.2618714,34.8019291,3
region_D_20260118_154237.jpg,3,31.2618499,34.8020074,3
region_D_20260118_154240.jpg,3,31.2618499,34.8020074,3
region_D_20260118_154247.jpg,3,31.2618061,34.8020443,3
region_D_20260118_154250.jpg,3,31.2618478,34.8020969,3
region_D_20260118_154253.jpg,3,31.2618149,34.8020925,3
region_D_20260118_154255.jpg,3,31.2618167,34.8021383,3
region_D_20260118_154302.jpg,3,31.261796,34.8020295,3
region_D_20260118_154305.jpg,3,31.261796,34.8020295,3
region_D_20260118_154312.jpg,3,31.261796,34.8020295,3
region_D_20260118_154315.jpg,3,31.2617669,34.8020772,3
region_D_20260118_154322.jpg,3,31.2617011,34.8020331,3
region_D_20260118_154325.jpg,3,31.261676,34.8020047,3
region_D_20260118_154327.jpg,3,31.2616767,34.8020438,3
region_D_20260118_154330.jpg,3,31.2617374,34.8020968,3
region_D_20260118_154337.jpg,3,31.2616776,34.8021059,3
region_D_20260118_154339.jpg,3,31.2617144,34.8020977,3
region_D_20260118_154341.jpg,3,31.2616824,34.8020723,3
region_D_20260118_154343.jpg,3,31.2617141,34.8020891,3
region_D_20260118_154350.jpg,3,31.2616644,34.8021122,3
region_D_20260118_154352.jpg,3,31.2616644,34.8021122,3
region_D_20260118_154355.jpg,3,31.261685,34.8021333,3
region_D_20260118_154357.jpg,3,31.2616402,34.8021095,3
region_D_20260118_154405.jpg,3,31.2616457,34.8021413,3
region_D_20260118_154408.jpg,3,31.2616952,34.8021105,3
region_D_20260118_154410.jpg,3,31.2616376,34.8021117,3
region_D_20260118_154412.jpg,3,31.2616376,34.8021117,3
region_D_20260118_154422.jpg,3,31.2616752,34.8021524,3
region_D_20260118_154424.jpg,3,31.2616868,34.8021321,3
region_D_20260118_154426.jpg,3,31.2616868,34.8021321,3
region_D_20260118_154428.jpg,3,31.2616692,34.802086,3
region_D_20260118_154434.jpg,3,31.2616811,34.8021119,3
region_D_20260118_154437.jpg,3,31.2616976,34.8021193,3
region_D_20260118_154448.jpg,3,31.2616559,34.8020168,3
region_D_20260118_154450.jpg,3,31.2616549,34.8020321,3
region_D_20260118_154456.jpg,3,31.2616863,34.802086,3
region_D_20260118_154459.jpg,3,31.2616863,34.802086,3
region_D_20260118_154501.jpg,3,31.2616863,34.802086,3
region_D_20260118_154508.jpg,3,31.2616863,34.802086,3
region_D_20260118_154510.jpg,3,31.2616863,34.802086,3
region_D_20260118_154512.jpg,3,31.2616863,34.802086,3
region_D_20260118_154514.jpg,3,31.2616863,34.802086,3
region_D_20260118_154529.jpg,3,31.2617991,34.8020985,3
region_D_20260118_154531.jpg,3,31.2617991,34.8020985,3
region_D_20260118_154533.jpg,3,31.2617991,34.8020985,3
region_D_20260118_154540.jpg,3,31.2617991,34.8020985,3
region_D_20260118_154543.jpg,3,31.2617991,34.8020985,3
region_D_20260118_154546.jpg,3,31.2617991,34.8020985,3
region_D_20260118_154548.jpg,3,31.2617991,34.8020985,3
region_D_20260118_154600.jpg,3,31.2617991,34.8020985,3
region_D_20260118_154625.jpg,3,31.2617991,34.8020985,3
region_D_20260118_154627.jpg,3,31.2618959,34.8020104,3
region_D_20260118_154629.jpg,3,31.2618994,34.8019876,3
region_D_20260118_154631.jpg,3,31.2618994,34.8019876,3
region_D_20260118_154637.jpg,3,31.2618994,34.8019876,3
region_D_20260118_154640.jpg,3,31.2618994,34.8019876,3
region_D_20260118_154647.jpg,3,31.2618994,34.8019876,3
region_D_20260118_154649.jpg,3,31.2618994,34.8019876,3
region_D_20260118_154657.jpg,3,31.2618994,34.8019876,3
region_D_20260118_154659.jpg,3,31.2618994,34.8019876,3
region_D_20260118_154701.jpg,3,31.2618994,34.8019876,3
region_D_20260118_154703.jpg,3,31.2618994,34.8019876,3
region_D_20260118_154710.jpg,3,31.2618994,34.8019876,3
region_D_20260118_154719.jpg,3,31.2620224,34.8021219,3
region_D_20260118_154721.jpg,3,31.2619872,34.8020613,3
region_D_20260118_154723.jpg,3,31.2619872,34.8020613,3
region_D_20260118_154726.jpg,3,31.2619933,34.8019241,3
region_D_20260118_154737.jpg,3,31.2620309,34.801994,3
region_D_20260118_154743.jpg,3,31.2620309,34.801994,3
region_D_20260118_154745.jpg,3,31.2620309,34.801994,3
region_D_20260118_154746.jpg,3,31.2620309,34.801994,3
region_D_20260118_154749.jpg,3,31.2620309,34.801994,3
region_D_20260118_154756.jpg,3,31.2620309,34.801994,3
region_D_20260118_154758.jpg,3,31.2620309,34.801994,3
region_D_20260118_154802.jpg,3,31.2620309,34.801994,3
region_D_20260118_154805.jpg,3,31.2620309,34.801994,3
region_D_20260118_154811.jpg,3,31.2620309,34.801994,3
region_D_20260118_154813.jpg,3,31.2620309,34.801994,3
region_D_20260118_154816.jpg,3,31.2620309,34.801994,3
region_D_20260118_154818.jpg,3,31.2620309,34.801994,3
region_D_20260118_154822.jpg,3,31.2620309,34.801994,3
region_D_20260118_154826.jpg,3,31.2620309,34.801994,3
region_D_20260118_154829.jpg,3,31.2620812,34.8019705,3
region_D_20260118_154831.jpg,3,31.2621663,34.8019667,3
region_D_20260118_154837.jpg,3,31.2621663,34.8019667,3
region_D_20260118_154843.jpg,3,31.2621663,34.8019667,3
region_D_20260118_154846.jpg,3,31.2621663,34.8019667,3
region_D_20260118_154848.jpg,3,31.2621663,34.8019667,3
region_D_20260118_154850.jpg,3,31.2621663,34.8019667,3
region_D_20260118_154857.jpg,3,31.2621663,34.8019667,3
region_D_20260118_154900.jpg,3,31.2621663,34.8019667,3
region_D_20260118_154902.jpg,3,31.2621663,34.8019667,3
region_D_20260118_154904.jpg,3,31.2621663,34.8019667,3
region_D_20260118_154911.jpg,3,31.2620677,34.8020551,3
region_D_20260118_154915.jpg,3,31.2622917,34.8020343,3
region_D_20260118_154924.jpg,3,31.2620789,34.8019883,3
region_D_20260118_154926.jpg,3,31.2623472,34.8019573,3
region_D_20260118_154933.jpg,3,31.2623472,34.8019573,3
region_D_20260118_154935.jpg,3,31.2623472,34.8019573,3
region_D_20260118_154938.jpg,3,31.2623472,34.8019573,3
region_D_20260118_154942.jpg,3,31.2624465,34.8020578,3
region_D_20260118_154952.jpg,3,31.262408,34.8020797,3
region_D_20260118_154957.jpg,3,31.2624037,34.8020873,3
region_D_20260118_154959.jpg,3,31.2624037,34.8020873,3
region_D_20260118_155008.jpg,3,31.2624668,34.8021325,3
region_D_20260118_155011.jpg,3,31.2623748,34.8021426,3
region_D_20260118_155012.jpg,3,31.2623748,34.8021426,3
region_D_20260118_155014.jpg,3,31.2623748,34.8021426,3
region_D_20260118_155020.jpg,3,31.2623748,34.8021426,3
region_D_20260118_155027.jpg,3,31.26237481,34.80214267,3
region_D_20260118_155319.jpg,3,31.2620634,34.8020915,3
region_D_20260118_155322.jpg,3,31.2620562,34.8020695,3
region_D_20260118_155326.jpg,3,31.2620562,34.8020695,3
region_D_20260118_155329.jpg,3,31.2620562,34.8020695,3
region_D_20260118_155331.jpg,3,31.2620562,34.8020695,3
region_D_20260118_155334.jpg,3,31.2620562,34.8020695,3
region_D_20260118_155336.jpg,3,31.2620562,34.8020695,3
region_D_20260118_155340.jpg,3,31.2620562,34.8020695,3
region_D_20260118_155344.jpg,3,31.2620562,34.8020695,3
region_D_20260118_155349.jpg,3,31.2620562,34.8020695,3
region_D_20260118_155351.jpg,3,31.2620562,34.8020695,3
region_D_20260118_155353.jpg,3,31.2620562,34.8020695,3
region_D_20260118_155400.jpg,3,31.2620562,34.8020695,3
region_D_20260118_155402.jpg,3,31.2620562,34.8020695,3
region_D_20260118_155404.jpg,3,31.2620562,34.8020695,3
region_D_20260118_155406.jpg,3,31.2620562,34.8020695,3
region_D_20260118_155410.jpg,3,31.2620562,34.8020695,3
region_D_20260118_155412.jpg,3,31.2620562,34.8020695,3
region_D_20260118_155414.jpg,3,31.2620562,34.8020695,3
region_D_20260118_155415.jpg,3,31.2620562,34.8020695,3
region_D_20260118_155422.jpg,3,31.2620315,34.8019345,3
region_D_20260118_155424.jpg,3,31.2620315,34.8019345,3
region_D_20260118_155426.jpg,3,31.2620315,34.8019345,3
region_D_20260118_155428.jpg,3,31.2620315,34.8019345,3
region_D_20260118_155437.jpg,3,31.2620315,34.8019345,3
region_D_20260118_155440.jpg,3,31.2620315,34.8019345,3
region_D_20260118_155441.jpg,3,31.2619551,34.8021459,3
region_D_20260118_155443.jpg,3,31.2619643,34.8019854,3
region_D_20260118_155449.jpg,3,31.2618857,34.8012638,3
region_D_20260118_155451.jpg,3,31.2618857,34.8012638,3
region_D_20260118_155453.jpg,3,31.2619347,34.801904,3
region_D_20260118_155455.jpg,3,31.2619272,34.8018954,3
region_D_20260118_155459.jpg,3,31.2619272,34.8018954,3
region_D_20260118_155501.jpg,3,31.2619272,34.8018954,3
region_D_20260118_155503.jpg,3,31.2619272,34.8018954,3
region_D_20260118_155505.jpg,3,31.2619272,34.8018954,3
region_D_20260118_155512.jpg,3,31.2616514,34.8018158,3
region_D_20260118_155514.jpg,3,31.2616514,34.8018158,3
region_D_20260118_155515.jpg,3,31.2618941,34.8018073,3
region_D_20260118_155519.jpg,3,31.2618232,34.8010982,3
region_D_20260118_155527.jpg,3,31.2618023,34.8012988,3
region_D_20260118_155529.jpg,3,31.2618023,34.8012988,3
region_D_20260118_155531.jpg,3,31.2618335,34.8011303,3
region_D_20260118_155532.jpg,3,31.2617925,34.8012556,3
region_D_20260118_155538.jpg,3,31.261841,34.8019163,3
region_D_20260118_155539.jpg,3,31.2618834,34.802185,3
region_D_20260118_155541.jpg,3,31.2618834,34.802185,3
region_D_20260118_155543.jpg,3,31.26188343,34.80218508,3
region_D_20260118_155548.jpg,3,31.2617986,34.8021315,3
region_D_20260118_155550.jpg,3,31.2617986,34.8021315,3
region_D_20260118_155552.jpg,3,31.2618266,34.8017242,3
region_D_20260118_155554.jpg,3,31.26178452,34.801912,3
region_D_20260118_155558.jpg,3,31.261788,34.8021325,3
region_D_20260118_155600.jpg,3,31.2617685,34.8021575,3
region_D_20260118_155602.jpg,3,31.2617598,34.8021225,3
region_D_20260118_155603.jpg,3,31.2617598,34.8021225,3
region_D_20260118_155608.jpg,3,31.2617067,34.802181,3
region_D_20260118_155610.jpg,3,31.2617067,34.802181,3
region_D_20260118_155612.jpg,3,31.2617067,34.802181,3
region_D_20260118_155614.jpg,3,31.2617067,34.802181,3
region_D_20260118_155619.jpg,3,31.2617067,34.802181,3
region_D_20260118_155621.jpg,3,31.2617067,34.802181,3
region_D_20260118_155623.jpg,3,31.2617067,34.802181,3
region_D_20260118_155625.jpg,3,31.2617067,34.802181,3
region_D_20260118_155645.jpg,3,31.2617067,34.802181,3
region_D_20260118_155651.jpg,3,31.2617067,34.802181,3
region_D_20260118_155653.jpg,3,31.2617067,34.802181,3
region_D_20260118_155700.jpg,3,31.2617067,34.802181,3
region_D_20260118_155702.jpg,3,31.2617067,34.802181,3
region_D_20260118_155709.jpg,3,31.2619286,34.8019796,3
region_D_20260118_155719.jpg,3,31.26178703,34.8012526,3
region_D_20260118_155729.jpg,3,31.26193346,34.80204963,3
region_D_20260118_155731.jpg,3,31.26193346,34.80204963,3
region_D_20260118_155739.jpg,3,31.26198849,34.80203496,3
region_D_20260118_155742.jpg,3,31.2619886,34.8021776,3
region_E_20260117_141749.jpg,4,31.2618778,34.801254,3
region_E_20260117_141753.jpg,4,31.2617102,34.8009754,3
region_E_20260117_141804.jpg,4,31.2617102,34.8009754,3
region_E_20260117_141807.jpg,4,31.2617102,34.8009754,3
region_E_20260117_141810.jpg,4,31.2617102,34.8009754,3
region_E_20260117_141818.jpg,4,31.2617102,34.8009754,3
region_E_20260117_141848.jpg,4,31.2617102,34.8009754,3
region_E_20260117_141850.jpg,4,31.2617809,34.8013653,3
region_E_20260117_141852.jpg,4,31.2616752,34.8010425,3
region_E_20260117_141854.jpg,4,31.2616843,34.8010318,3
region_E_20260117_141859.jpg,4,31.2616843,34.8010318,3
region_E_20260117_141901.jpg,4,31.2616843,34.8010318,3
region_E_20260117_141903.jpg,4,31.2616843,34.8010318,3
region_E_20260117_141905.jpg,4,31.2616843,34.8010318,3
region_E_20260117_141910.jpg,4,31.2616843,34.8010318,3
region_E_20260117_141912.jpg,4,31.2616843,34.8010318,3
region_E_20260117_141914.jpg,4,31.2616843,34.8010318,3
region_E_20260117_141916.jpg,4,31.2616843,34.8010318,3
region_E_20260117_142001.jpg,4,31.2617872,34.8014401,3
region_E_20260117_142003.jpg,4,31.2617121,34.8012426,3
region_E_20260117_142005.jpg,4,31.2616866,34.8011953,3
region_E_20260117_142007.jpg,4,31.2616866,34.8011953,3
region_E_20260117_142014.jpg,4,31.2616866,34.8011953,3
region_E_20260117_142016.jpg,4,31.2616866,34.8011953,3
region_E_20260117_142018.jpg,4,31.2616866,34.8011953,3
region_E_20260117_142020.jpg,4,31.2616866,34.8011953,3
region_E_20260117_142026.jpg,4,31.2616866,34.8011953,3
region_E_20260117_142028.jpg,4,31.2616866,34.8011953,3
region_E_20260117_142030.jpg,4,31.2616866,34.8011953,3
region_E_20260117_142032.jpg,4,31.2616866,34.8011953,3
region_E_20260117_142037.jpg,4,31.2616866,34.8011953,3
region_E_20260117_142039.jpg,4,31.2616866,34.8011953,3
region_E_20260117_142041.jpg,4,31.2616866,34.8011953,3
region_E_20260117_142043.jpg,4,31.2616866,34.8011953,3
region_E_20260117_142049.jpg,4,31.2616866,34.8011953,3
region_E_20260117_142051.jpg,4,31.2616866,34.8011953,3
region_E_20260117_142053.jpg,4,31.2616866,34.8011953,3
region_E_20260117_142055.jpg,4,31.2616866,34.8011953,3
region_E_20260117_142100.jpg,4,31.2617229,34.801335,3
region_E_20260117_142102.jpg,4,31.2617423,34.8012365,3
region_E_20260117_142104.jpg,4,31.261718,34.8013083,3
region_E_20260117_142113.jpg,4,31.261718,34.8013083,3
region_E_20260117_142125.jpg,4,31.261718,34.8013083,3
region_E_20260117_142137.jpg,4,31.2617477,34.8011261,3
region_E_20260117_142147.jpg,4,31.2617477,34.8011261,3
region_E_20260117_142149.jpg,4,31.2617477,34.8011261,3
region_E_20260117_142151.jpg,4,31.2617477,34.8011261,3
region_E_20260117_142153.jpg,4,31.2617477,34.8011261,3
region_E_20260117_142509.jpg,4,31.2617736,34.8012846,3
region_E_20260117_142511.jpg,4,31.2617641,34.8009624,3
region_E_20260117_142513.jpg,4,31.2617641,34.8009624,3
region_E_20260117_142520.jpg,4,31.2617641,34.8009624,3
region_E_20260117_142522.jpg,4,31.2617641,34.8009624,3
region_E_20260117_142524.jpg,4,31.2617641,34.8009624,3
region_E_20260117_142526.jpg,4,31.2617641,34.8009624,3
region_E_20260117_142532.jpg,4,31.2617641,34.8009624,3
region_E_20260117_142534.jpg,4,31.2617641,34.8009624,3
region_E_20260117_142536.jpg,4,31.2617641,34.8009624,3
region_E_20260117_142539.jpg,4,31.2617641,34.8009624,3
region_E_20260117_142649.jpg,4,31.2618158,34.8009657,3
region_E_20260117_142651.jpg,4,31.2618233,34.8010001,3
region_E_20260117_142653.jpg,4,31.2618233,34.8010001,3
region_E_20260117_142655.jpg,4,31.2618233,34.8010001,3
region_E_20260117_142702.jpg,4,31.2618233,34.8010001,3
region_E_20260117_142704.jpg,4,31.2618233,34.8010001,3
region_E_20260117_142707.jpg,4,31.2618233,34.8010001,3
region_E_20260117_142709.jpg,4,31.2618233,34.8010001,3
region_E_20260117_142716.jpg,4,31.2618233,34.8010001,3
region_E_20260117_142719.jpg,4,31.2618233,34.8010001,3
region_E_20260117_142721.jpg,4,31.2618233,34.8010001,3
region_E_20260117_142723.jpg,4,31.2618233,34.8010001,3
region_E_20260117_142726.jpg,4,31.2618233,34.8010001,3
region_E_20260117_142732.jpg,4,31.2618233,34.8010001,3
region_E_20260117_142736.jpg,4,31.2618233,34.8010001,3
region_E_20260117_142738.jpg,4,31.2618233,34.8010001,3
region_E_20260117_142742.jpg,4,31.2618233,34.8010001,3
region_E_20260117_142746.jpg,4,31.2618233,34.8010001,3
region_E_20260117_142752.jpg,4,31.2618289,34.8011438,3
region_E_20260117_142758.jpg,4,31.2618289,34.8011438,3
region_E_20260117_142804.jpg,4,31.2618289,34.8011438,3
region_E_20260117_142836.jpg,4,31.2617844,34.8012206,3
region_E_20260117_142838.jpg,4,31.2617844,34.8012206,3
region_E_20260117_142842.jpg,4,31.2617844,34.8012206,3
region_E_20260117_142844.jpg,4,31.2617844,34.8012206,3
region_E_20260117_142851.jpg,4,31.2617844,34.8012206,3
region_E_20260117_142853.jpg,4,31.2617844,34.8012206,3
region_E_20260117_142856.jpg,4,31.2617844,34.8012206,3
region_E_20260117_142858.jpg,4,31.2617844,34.8012206,3
region_E_20260117_142903.jpg,4,31.2617844,34.8012206,3
region_E_20260117_142906.jpg,4,31.2617844,34.8012206,3
region_E_20260117_142908.jpg,4,31.2617844,34.8012206,3
region_E_20260117_142910.jpg,4,31.2617844,34.8012206,3
region_E_20260117_142916.jpg,4,31.2617844,34.8012206,3
region_E_20260117_142918.jpg,4,31.2617844,34.8012206,3
region_E_20260117_142920.jpg,4,31.2617844,34.8012206,3
region_E_20260117_142922.jpg,4,31.2617844,34.8012206,3
region_E_20260117_142928.jpg,4,31.2617844,34.8012206,3
region_E_20260117_142930.jpg,4,31.2618032,34.8013625,3
region_E_20260117_142933.jpg,4,31.2617998,34.8013436,3
region_E_20260117_142935.jpg,4,31.2617998,34.8013436,3
region_E_20260117_142955.jpg,4,31.2617998,34.8013436,3
region_E_20260117_142958.jpg,4,31.2617998,34.8013436,3
region_E_20260117_142959.jpg,4,31.2617998,34.8013436,3
region_E_20260117_143001.jpg,4,31.2617998,34.8013436,3
region_E_20260117_143008.jpg,4,31.2617998,34.8013436,3
region_E_20260117_143010.jpg,4,31.2617998,34.8013436,3
region_E_20260117_143012.jpg,4,31.2617998,34.8013436,3
region_E_20260117_143014.jpg,4,31.2617998,34.8013436,3
region_E_20260117_143020.jpg,4,31.2617998,34.8013436,3
region_E_20260117_143022.jpg,4,31.2617998,34.8013436,3
region_E_20260117_143024.jpg,4,31.2618513,34.8013028,3
region_E_20260117_143026.jpg,4,31.2618091,34.8012831,3
region_E_20260117_143033.jpg,4,31.2618519,34.8012482,3
region_E_20260117_143041.jpg,4,31.2618368,34.8011878,3
region_E_20260117_143108.jpg,4,31.2618368,34.8011878,3
region_E_20260117_143109.jpg,4,31.2618368,34.8011878,3
region_E_20260117_143111.jpg,4,31.2618368,34.8011878,3
region_E_20260117_143114.jpg,4,31.2618368,34.8011878,3
region_E_20260117_143119.jpg,4,31.2618368,34.8011878,3
region_E_20260117_143122.jpg,4,31.2618379,34.8013058,3
region_E_20260117_143125.jpg,4,31.2618343,34.8012795,3
region_E_20260117_143127.jpg,4,31.2618343,34.8012795,3
region_E_20260117_143132.jpg,4,31.2618382,34.8012497,3
region_E_20260117_143135.jpg,4,31.2618382,34.8012497,3
region_E_20260117_143142.jpg,4,31.2618382,34.8012497,3
region_E_20260117_143144.jpg,4,31.2618382,34.8012497,3
region_E_20260117_143203.jpg,4,31.2618541,34.8011884,3
region_E_20260117_143219.jpg,4,31.2618541,34.8011884,3
region_E_20260117_143221.jpg,4,31.2618541,34.8011884,3
region_E_20260117_143224.jpg,4,31.2618541,34.8011884,3
region_E_20260117_143226.jpg,4,31.2618541,34.8011884,3
region_E_20260117_143233.jpg,4,31.2618541,34.8011884,3
region_E_20260117_143235.jpg,4,31.2618541,34.8011884,3
region_E_20260117_143238.jpg,4,31.2618541,34.8011884,3
region_E_20260117_143240.jpg,4,31.2618541,34.8011884,3
region_E_20260117_143245.jpg,4,31.2618541,34.8011884,3
region_E_20260117_143252.jpg,4,31.2618541,34.8011884,3
region_E_20260117_143254.jpg,4,31.2618866,34.8012986,3
region_E_20260117_143256.jpg,4,31.2618888,34.8013131,3
region_E_20260117_143309.jpg,4,31.2618775,34.8013964,3
region_E_20260117_143327.jpg,4,31.2618739,34.8013944,3
region_E_20260117_143329.jpg,4,31.2618739,34.8013944,3
region_E_20260117_143331.jpg,4,31.2618739,34.8013944,3
region_E_20260117_143334.jpg,4,31.2618739,34.8013944,3
region_E_20260117_143402.jpg,4,31.2618739,34.8013944,3
region_E_20260117_143404.jpg,4,31.2618739,34.8013944,3
region_E_20260117_143406.jpg,4,31.2618739,34.8013944,3
region_E_20260117_143409.jpg,4,31.2619334,34.8013857,3
region_E_20260117_143416.jpg,4,31.261922,34.8013708,3
region_E_20260117_143418.jpg,4,31.261922,34.8013708,3
region_E_20260117_143420.jpg,4,31.261922,34.8013708,3
region_E_20260117_143422.jpg,4,31.261922,34.8013708,3
region_E_20260117_143427.jpg,4,31.261922,34.8013708,3
region_E_20260117_143429.jpg,4,31.261922,34.8013708,3
region_E_20260117_143432.jpg,4,31.261922,34.8013708,3
region_E_20260117_143434.jpg,4,31.261922,34.8013708,3
region_E_20260117_143439.jpg,4,31.261922,34.8013708,3
region_E_20260117_143443.jpg,4,31.261922,34.8013708,3
region_E_20260117_143445.jpg,4,31.261922,34.8013708,3
region_E_20260117_143759.jpg,4,31.2619222,34.8012353,3
region_E_20260117_143803.jpg,4,31.2619222,34.8012353,3
region_E_20260117_143805.jpg,4,31.2619222,34.8012353,3
region_E_20260117_143807.jpg,4,31.2619222,34.8012353,3
region_E_20260117_143814.jpg,4,31.2619222,34.8012353,3
region_E_20260117_143816.jpg,4,31.2619222,34.8012353,3
region_E_20260117_143818.jpg,4,31.2619222,34.8012353,3
region_E_20260117_143825.jpg,4,31.2619222,34.8012353,3
region_E_20260117_143832.jpg,4,31.2619222,34.8012353,3
region_E_20260117_143835.jpg,4,31.2619222,34.8012353,3
region_E_20260117_143837.jpg,4,31.2619222,34.8012353,3
region_E_20260117_143840.jpg,4,31.2619222,34.8012353,3
region_E_20260117_143900.jpg,4,31.2618993,34.8012221,3
region_E_20260117_143902.jpg,4,31.2618716,34.8012168,3
region_E_20260117_143909.jpg,4,31.2618716,34.8012168,3
region_E_20260117_143911.jpg,4,31.2618716,34.8012168,3
region_E_20260117_143913.jpg,4,31.2618716,34.8012168,3
region_E_20260117_143916.jpg,4,31.2618716,34.8012168,3
region_E_20260117_143922.jpg,4,31.2618716,34.8012168,3
region_E_20260117_143924.jpg,4,31.2618716,34.8012168,3
region_E_20260117_143926.jpg,4,31.2618716,34.8012168,3
region_E_20260117_143928.jpg,4,31.2618716,34.8012168,3
region_E_20260117_143936.jpg,4,31.2618716,34.8012168,3
region_E_20260117_143938.jpg,4,31.2618716,34.8012168,3
region_E_20260117_143941.jpg,4,31.2618716,34.8012168,3
region_E_20260117_143944.jpg,4,31.2618716,34.8012168,3
region_E_20260117_143952.jpg,4,31.2618716,34.8012168,3
region_E_20260117_143955.jpg,4,31.2618716,34.8012168,3
region_E_20260117_143958.jpg,4,31.2618716,34.8012168,3
region_E_20260117_144000.jpg,4,31.2619875,34.8013123,3
region_E_20260117_144007.jpg,4,31.2619619,34.801292,3
region_E_20260117_144009.jpg,4,31.2619619,34.801292,3
region_E_20260117_144011.jpg,4,31.2619619,34.801292,3
region_E_20260117_144013.jpg,4,31.2619619,34.801292,3
region_E_20260117_144021.jpg,4,31.2619619,34.801292,3
region_E_20260117_144023.jpg,4,31.2619619,34.801292,3
region_E_20260117_144025.jpg,4,31.2619619,34.801292,3
region_E_20260117_144027.jpg,4,31.2619619,34.801292,3
region_E_20260117_144032.jpg,4,31.2619619,34.801292,3
region_E_20260117_144034.jpg,4,31.2619943,34.801392,3
region_E_20260117_144036.jpg,4,31.2619197,34.8014013,3
region_E_20260117_144038.jpg,4,31.2619479,34.8013899,3
region_E_20260117_144045.jpg,4,31.261978,34.8014236,3
region_E_20260117_144047.jpg,4,31.261978,34.8014236,3
region_E_20260117_144049.jpg,4,31.261978,34.8014236,3
region_E_20260117_144051.jpg,4,31.261978,34.8014236,3
region_E_20260117_144100.jpg,4,31.2619747,34.801369,3
region_E_20260117_144103.jpg,4,31.2620451,34.8013603,3
region_E_20260117_144105.jpg,4,31.2620011,34.8013578,3
region_E_20260117_144108.jpg,4,31.2620011,34.8013578,3
region_E_20260117_144114.jpg,4,31.262004,34.8013002,3
region_E_20260117_144116.jpg,4,31.2619875,34.8013166,3
region_E_20260117_144118.jpg,4,31.2620063,34.801303,3
region_E_20260117_144121.jpg,4,31.2620063,34.801303,3
region_E_20260117_144127.jpg,4,31.2620063,34.801303,3
region_E_20260117_144129.jpg,4,31.2620063,34.801303,3
region_E_20260117_144131.jpg,4,31.2620063,34.801303,3
region_E_20260117_144134.jpg,4,31.2620063,34.801303,3
region_E_20260117_144142.jpg,4,31.2620063,34.801303,3
region_E_20260117_144144.jpg,4,31.2620063,34.801303,3
region_E_20260117_144147.jpg,4,31.2620063,34.801303,3
region_E_20260117_144149.jpg,4,31.2620063,34.801303,3
region_E_20260117_144155.jpg,4,31.2620063,34.801303,3
region_E_20260117_144157.jpg,4,31.2620063,34.801303,3
region_E_20260117_144159.jpg,4,31.2620063,34.801303,3
region_E_20260117_144202.jpg,4,31.2620063,34.801303,3
region_E_20260117_144209.jpg,4,31.2620063,34.801303,3
region_E_20260117_144212.jpg,4,31.2620063,34.801303,3
region_E_20260117_144214.jpg,4,31.2620063,34.801303,3
region_E_20260117_144216.jpg,4,31.2620063,34.801303,3
region_E_20260117_144401.jpg,4,31.2618985,34.8011031,3
region_E_20260117_144403.jpg,4,31.2618985,34.8011031,3
region_E_20260117_144406.jpg,4,31.2618985,34.8011031,3
region_E_20260117_144412.jpg,4,31.2618985,34.8011031,3
region_E_20260117_144414.jpg,4,31.2618985,34.8011031,3
region_E_20260117_144416.jpg,4,31.2618985,34.8011031,3
region_E_20260117_144419.jpg,4,31.2618985,34.8011031,3
region_E_20260117_144428.jpg,4,31.2618985,34.8011031,3
region_E_20260117_144444.jpg,4,31.2618985,34.8011031,3
region_E_20260117_144446.jpg,4,31.2618985,34.8011031,3
region_E_20260117_144448.jpg,4,31.2618985,34.8011031,3
region_E_20260117_144450.jpg,4,31.2618985,34.8011031,3
region_E_20260117_144515.jpg,4,31.2619439,34.8012413,3
region_E_20260117_144520.jpg,4,31.2619742,34.8010856,3
region_E_20260117_144522.jpg,4,31.2619742,34.8010856,3
region_E_20260117_144525.jpg,4,31.2619742,34.8010856,3
region_E_20260117_144527.jpg,4,31.2619742,34.8010856,3
region_E_20260117_144533.jpg,4,31.2619742,34.8010856,3
region_E_20260117_144536.jpg,4,31.2619742,34.8010856,3
region_E_20260117_144538.jpg,4,31.2619742,34.8010856,3
region_E_20260117_144540.jpg,4,31.2619742,34.8010856,3
region_E_20260117_144548.jpg,4,31.2619742,34.8010856,3
region_E_20260117_144550.jpg,4,31.2619742,34.8010856,3
region_E_20260117_144552.jpg,4,31.2619742,34.8010856,3
region_E_20260117_144555.jpg,4,31.2620017,34.8010994,3
region_E_20260117_144601.jpg,4,31.2620276,34.8011204,3
region_E_20260117_144604.jpg,4,31.2620735,34.8011613,3
region_E_20260117_144606.jpg,4,31.2620706,34.8011291,3
region_E_20260117_144609.jpg,4,31.2620706,34.8011291,3
region_E_20260117_144617.jpg,4,31.2620706,34.8011291,3
region_E_20260117_144621.jpg,4,31.2620706,34.8011291,3
region_E_20260117_144623.jpg,4,31.2620706,34.8011291,3
region_E_20260117_144626.jpg,4,31.2621053,34.8011385,3
region_E_20260117_144633.jpg,4,31.2622369,34.8011322,3
region_E_20260117_144636.jpg,4,31.2622436,34.8011083,3
region_E_20260117_144639.jpg,4,31.2621381,34.8010665,3
region_E_20260117_144641.jpg,4,31.2621472,34.801019,3
region_E_20260117_144647.jpg,4,31.2621472,34.801019,3
region_E_20260117_144650.jpg,4,31.2621472,34.801019,3
region_E_20260117_144652.jpg,4,31.2621472,34.801019,3
region_E_20260117_144654.jpg,4,31.2622354,34.8010932,3
region_E_20260117_144701.jpg,4,31.2622728,34.8010587,3
region_E_20260117_144703.jpg,4,31.2622471,34.801053,3
region_E_20260117_144706.jpg,4,31.2622471,34.801053,3
region_E_20260117_144708.jpg,4,31.262273,34.801055,3
region_E_20260117_144714.jpg,4,31.2623359,34.8010284,3
region_E_20260117_144717.jpg,4,31.262262,34.801036,3
region_E_20260117_144719.jpg,4,31.262262,34.801036,3
region_E_20260117_144722.jpg,4,31.2622565,34.8010265,3
region_E_20260117_144728.jpg,4,31.2623613,34.801035,3
region_E_20260117_144731.jpg,4,31.2622851,34.8010545,3
region_E_20260117_144733.jpg,4,31.2622851,34.8010545,3
region_E_20260117_144735.jpg,4,31.2623103,34.8010145,3
region_E_20260117_144746.jpg,4,31.2623885,34.8010669,3
region_E_20260117_144748.jpg,4,31.2623885,34.8010669,3
region_E_20260117_144750.jpg,4,31.262339,34.8010401,3
region_E_20260117_144752.jpg,4,31.2623559,34.801034,3
region_E_20260117_144759.jpg,4,31.2623559,34.801034,3
region_E_20260117_144802.jpg,4,31.2623559,34.801034,3
region_E_20260117_144804.jpg,4,31.2623559,34.801034,3
region_E_20260117_144806.jpg,4,31.2623559,34.801034,3
region_E_20260117_144814.jpg,4,31.2623559,34.801034,3
region_E_20260117_144817.jpg,4,31.2623559,34.801034,3
region_E_20260117_144820.jpg,4,31.2623559,34.801034,3
region_E_20260117_144822.jpg,4,31.2623559,34.801034,3
region_E_20260117_144829.jpg,4,31.2623559,34.801034,3
region_E_20260117_144832.jpg,4,31.2623559,34.801034,3
region_E_20260117_144834.jpg,4,31.2623559,34.801034,3
region_E_20260117_144837.jpg,4,31.2623559,34.801034,3
region_E_20260117_144843.jpg,4,31.2623559,34.801034,3
region_E_20260117_144846.jpg,4,31.2623559,34.801034,3
region_E_20260117_144848.jpg,4,31.2623559,34.801034,3
region_E_20260117_144851.jpg,4,31.2622744,34.8011277,3
region_E_20260117_144858.jpg,4,31.2622422,34.8011121,3
region_E_20260117_144902.jpg,4,31.2622422,34.8011121,3
region_E_20260117_144904.jpg,4,31.2622422,34.8011121,3
region_E_20260117_144906.jpg,4,31.2622422,34.8011121,3
region_E_20260117_144912.jpg,4,31.2622422,34.8011121,3
region_E_20260117_144914.jpg,4,31.2622422,34.8011121,3
region_E_20260117_144916.jpg,4,31.2622422,34.8011121,3
region_E_20260117_144919.jpg,4,31.2622422,34.8011121,3
region_E_20260117_144926.jpg,4,31.2621565,34.8011329,3
region_E_20260117_144929.jpg,4,31.2621547,34.801093,3
region_E_20260117_144932.jpg,4,31.2621547,34.801093,3
region_E_20260117_144934.jpg,4,31.2621132,34.8011037,3
region_E_20260117_144939.jpg,4,31.26212,34.8010922,3
region_E_20260117_144944.jpg,4,31.262093,34.8011555,3
region_E_20260117_144947.jpg,4,31.262093,34.8011555,3
region_E_20260117_144949.jpg,4,31.262093,34.8011555,3
region_E_20260117_144951.jpg,4,31.262093,34.8011555,3
region_E_20260117_144956.jpg,4,31.2620045,34.8010711,3
region_E_20260117_144959.jpg,4,31.2620045,34.8010711,3
region_E_20260117_145000.jpg,4,31.2620024,34.8012132,3
region_E_20260117_145002.jpg,4,31.2619774,34.8012033,3
region_E_20260117_145008.jpg,4,31.2620261,34.8011904,3
region_E_20260117_145010.jpg,4,31.261979,34.8012001,3
region_E_20260117_145012.jpg,4,31.261979,34.8012001,3
region_E_20260117_145014.jpg,4,31.2619677,34.8012246,3
region_E_20260117_145020.jpg,4,31.2618899,34.8013095,3
region_E_20260117_145022.jpg,4,31.2619619,34.8012655,3
region_E_20260117_145024.jpg,4,31.2619468,34.8011951,3
region_E_20260117_145026.jpg,4,31.2619468,34.8011951,3
region_E_20260117_145031.jpg,4,31.2619547,34.8011842,3
region_E_20260117_145033.jpg,4,31.2619547,34.8011842,3
region_E_20260117_145035.jpg,4,31.2619471,34.8012431,3
region_E_20260117_145037.jpg,4,31.2618732,34.8012159,3
region_E_20260117_145115.jpg,4,31.2618646,34.8013611,3
region_E_20260117_145118.jpg,4,31.2618646,34.8013611,3
region_E_20260117_145120.jpg,4,31.2618646,34.8013611,3
region_E_20260117_145123.jpg,4,31.2618646,34.8013611,3
region_E_20260117_145129.jpg,4,31.2620854,34.8011622,3
region_E_20260117_145131.jpg,4,31.2620987,34.8011574,3
region_E_20260117_145134.jpg,4,31.2621061,34.8011469,3
region_E_20260117_145136.jpg,4,31.2621061,34.8011469,3
region_E_20260117_145142.jpg,4,31.2621061,34.8011469,3
region_E_20260117_145144.jpg,4,31.2621061,34.8011469,3
region_E_20260117_145146.jpg,4,31.2621061,34.8011469,3
region_E_20260117_145149.jpg,4,31.2621061,34.8011469,3
region_E_20260117_145155.jpg,4,31.2621614,34.8011634,3
region_E_20260117_145157.jpg,4,31.2621516,34.8011753,3
region_E_20260117_145200.jpg,4,31.2621516,34.8011753,3
region_E_20260117_145202.jpg,4,31.2621311,34.8010971,3
region_E_20260117_145204.jpg,4,31.2621676,34.8010754,3
region_E_20260117_145211.jpg,4,31.2622287,34.8011681,3
region_E_20260117_145213.jpg,4,31.262233,34.8011798,3
region_E_20260117_145216.jpg,4,31.262233,34.8011798,3
region_E_20260117_145218.jpg,4,31.262233,34.8011798,3
region_E_20260117_145225.jpg,4,31.262233,34.8011798,3
region_E_20260117_145227.jpg,4,31.262257,34.8011995,3
region_E_20260117_145230.jpg,4,31.2621747,34.801215,3
region_E_20260117_145232.jpg,4,31.2621747,34.801215,3
region_E_20260117_145240.jpg,4,31.2623095,34.8011666,3
region_E_20260117_145246.jpg,4,31.2620938,34.8011172,3
region_E_20260117_145248.jpg,4,31.2621987,34.8011859,3
region_E_20260117_145259.jpg,4,31.2622391,34.8011739,3
region_E_20260117_145306.jpg,4,31.2622671,34.8011948,3
region_E_20260117_145308.jpg,4,31.2622607,34.8012017,3
region_E_20260117_145310.jpg,4,31.2622721,34.8011824,3
region_E_20260117_145313.jpg,4,31.2622721,34.8011824,3
region_E_20260117_145320.jpg,4,31.2623112,34.80121,3
region_E_20260117_145322.jpg,4,31.2623248,34.8012122,3
region_E_20260117_145324.jpg,4,31.262307,34.8012094,3
region_E_20260117_145326.jpg,4,31.2623161,34.8011971,3
region_E_20260117_145328.jpg,4,31.2623161,34.8011971,3
region_E_20260117_145334.jpg,4,31.2623161,34.8011971,3
region_E_20260117_145339.jpg,4,31.2623161,34.8011971,3
region_E_20260117_145341.jpg,4,31.2623161,34.8011971,3
region_E_20260117_145342.jpg,4,31.2623161,34.8011971,3
region_E_20260117_145344.jpg,4,31.2623161,34.8011971,3
region_E_20260117_145350.jpg,4,31.2623161,34.8011971,3
region_E_20260117_145352.jpg,4,31.2623161,34.8011971,3
region_E_20260117_145354.jpg,4,31.2623161,34.8011971,3
region_E_20260117_145357.jpg,4,31.2622977,34.8012329,3
region_E_20260117_145403.jpg,4,31.262298,34.8012144,3
region_E_20260117_145405.jpg,4,31.2622927,34.8012607,3
region_E_20260117_145407.jpg,4,31.2622469,34.8012814,3
region_E_20260117_145409.jpg,4,31.2622469,34.8012814,3
region_E_20260117_145415.jpg,4,31.2622469,34.8012814,3
region_E_20260117_145417.jpg,4,31.2622469,34.8012814,3
region_E_20260117_145419.jpg,4,31.2622469,34.8012814,3
region_E_20260117_145421.jpg,4,31.2622469,34.8012814,3
region_E_20260117_145428.jpg,4,31.2622023,34.8012359,3
region_E_20260117_145433.jpg,4,31.2621775,34.801251,3
region_E_20260117_145435.jpg,4,31.2621932,34.8012536,3
region_E_20260117_145438.jpg,4,31.2621932,34.8012536,3
region_E_20260117_145443.jpg,4,31.2621497,34.8012452,3
region_E_20260117_145450.jpg,4,31.2621497,34.8012452,3
region_E_20260117_145453.jpg,4,31.2621497,34.8012452,3
region_E_20260117_145455.jpg,4,31.2621497,34.8012452,3
region_E_20260117_145457.jpg,4,31.2621497,34.8012452,3
region_E_20260117_145506.jpg,4,31.2621497,34.8012452,3
region_E_20260117_145508.jpg,4,31.2621497,34.8012452,3
region_E_20260117_145510.jpg,4,31.2621497,34.8012452,3
region_E_20260117_145512.jpg,4,31.2621497,34.8012452,3
region_E_20260117_145519.jpg,4,31.2621497,34.8012452,3
region_E_20260117_145521.jpg,4,31.2621497,34.8012452,3
region_E_20260117_145524.jpg,4,31.2620624,34.8012365,3
region_E_20260117_145526.jpg,4,31.2620597,34.8013092,3
region_E_20260117_145533.jpg,4,31.2620423,34.8012704,3
region_E_20260117_145540.jpg,4,31.2620415,34.801274,3
region_E_20260117_145542.jpg,4,31.2620415,34.801274,3
region_E_20260117_145545.jpg,4,31.2620415,34.801274,3
region_E_20260117_145547.jpg,4,31.2620415,34.801274,3
region_E_20260117_145554.jpg,4,31.2620415,34.801274,3
region_E_20260117_145557.jpg,4,31.2620415,34.801274,3
region_E_20260117_145559.jpg,4,31.2620415,34.801274,3
region_E_20260117_145602.jpg,4,31.2620415,34.801274,3
region_E_20260117_145608.jpg,4,31.2620415,34.801274,3
region_E_20260117_145610.jpg,4,31.2620415,34.801274,3
region_E_20260117_145612.jpg,4,31.2620415,34.801274,3
region_E_20260117_145615.jpg,4,31.2620415,34.801274,3
region_E_20260117_145622.jpg,4,31.2620415,34.801274,3
region_E_20260117_145625.jpg,4,31.2620415,34.801274,3
region_E_20260117_145627.jpg,4,31.2620415,34.801274,3
region_E_20260117_145629.jpg,4,31.2620415,34.801274,3
region_E_20260117_145635.jpg,4,31.2621162,34.8012602,3
region_E_20260117_145638.jpg,4,31.2621162,34.8012602,3
region_E_20260117_145640.jpg,4,31.2621162,34.8012602,3
region_E_20260117_145643.jpg,4,31.2621162,34.8012602,3
region_E_20260117_145649.jpg,4,31.2621162,34.8012602,3
region_E_20260117_145652.jpg,4,31.2621162,34.8012602,3
region_E_20260117_145654.jpg,4,31.2621162,34.8012602,3
region_E_20260117_145656.jpg,4,31.2622275,34.8012955,3
region_E_20260117_145702.jpg,4,31.2622028,34.8012955,3
region_E_20260117_145704.jpg,4,31.2622256,34.8013442,3
region_E_20260117_145706.jpg,4,31.2622353,34.801329,3
region_E_20260117_145708.jpg,4,31.2622353,34.801329,3
region_E_20260117_145720.jpg,4,31.2622824,34.8013109,3
region_E_20260117_145722.jpg,4,31.2622824,34.8013109,3
region_E_20260117_145724.jpg,4,31.2622951,34.801304,3
region_E_20260117_145728.jpg,4,31.2622722,34.8012913,3
region_E_20260117_145734.jpg,4,31.2622451,34.8013119,3
region_E_20260117_145737.jpg,4,31.2622451,34.8013119,3
region_E_20260117_145739.jpg,4,31.2623217,34.8012898,3
region_E_20260117_145740.jpg,4,31.2623133,34.8013116,3
region_E_20260117_145749.jpg,4,31.262309,34.8013378,3
region_E_20260117_145751.jpg,4,31.262309,34.8013378,3
region_E_20260117_145753.jpg,4,31.262318,34.8012841,3
region_E_20260117_145754.jpg,4,31.2623256,34.8012973,3
region_E_20260117_145800.jpg,4,31.2623491,34.8013886,3
region_E_20260117_145804.jpg,4,31.2623207,34.8013926,3
region_E_20260117_145806.jpg,4,31.2623229,34.8013491,3
region_E_20260117_145824.jpg,4,31.2622981,34.8013318,3
region_E_20260117_145826.jpg,4,31.2622981,34.8013318,3
region_E_20260117_145828.jpg,4,31.2622773,34.8013364,3
region_E_20260117_145830.jpg,4,31.2622421,34.8013574,3
region_E_20260117_145837.jpg,4,31.2622379,34.8013949,3
region_E_20260117_145839.jpg,4,31.2622379,34.8013949,3
region_E_20260117_145841.jpg,4,31.2622378,34.8013741,3
region_E_20260117_145844.jpg,4,31.262244,34.8013367,3
region_E_20260117_145848.jpg,4,31.2622248,34.8013922,3
region_E_20260117_145854.jpg,4,31.2622136,34.801332,3
region_E_20260117_145857.jpg,4,31.2622136,34.801332,3
region_E_20260117_145859.jpg,4,31.2622136,34.801332,3
region_E_20260117_145901.jpg,4,31.2622136,34.801332,3
region_E_20260117_145908.jpg,4,31.2622136,34.801332,3
region_E_20260117_145910.jpg,4,31.2622136,34.801332,3
region_E_20260117_145912.jpg,4,31.2622136,34.801332,3
region_E_20260117_145915.jpg,4,31.2622136,34.801332,3
region_E_20260117_145921.jpg,4,31.2622136,34.801332,3
region_E_20260117_145924.jpg,4,31.2622136,34.801332,3
region_E_20260117_145926.jpg,4,31.2621974,34.8013548,3
region_E_20260117_145931.jpg,4,31.262196,34.8013053,3
region_E_20260117_145941.jpg,4,31.2621077,34.8013398,3
region_E_20260117_145942.jpg,4,31.2621077,34.8013398,3
region_E_20260117_145944.jpg,4,31.2621077,34.8013398,3
region_E_20260117_145946.jpg,4,31.2621077,34.8013398,3
region_E_20260117_145952.jpg,4,31.2621077,34.8013398,3
region_E_20260117_145955.jpg,4,31.2621077,34.8013398,3
region_E_20260117_145957.jpg,4,31.26207,34.8013001,3
region_E_20260117_145959.jpg,4,31.261985,34.801369,3
region_E_20260117_150006.jpg,4,31.2619908,34.801364,3
region_E_20260117_150008.jpg,4,31.2619908,34.801364,3
region_E_20260117_150010.jpg,4,31.2619908,34.801364,3
region_E_20260117_150012.jpg,4,31.261927,34.8013546,3
region_E_20260117_150023.jpg,4,31.2619788,34.8013292,3
region_E_20260117_150025.jpg,4,31.2619995,34.8013735,3
region_E_20260117_150027.jpg,4,31.2620159,34.8013778,3
region_E_20260117_150029.jpg,4,31.2620159,34.8013778,3
region_E_20260117_150037.jpg,4,31.2620153,34.8013853,3
region_E_20260117_150040.jpg,4,31.2620185,34.8014135,3
region_E_20260117_150042.jpg,4,31.2620185,34.8014135,3
region_E_20260117_150045.jpg,4,31.2620901,34.8014283,3
region_E_20260117_150051.jpg,4,31.2620689,34.801419,3
region_E_20260117_150054.jpg,4,31.2619791,34.801385,3
region_E_20260117_150056.jpg,4,31.2620267,34.8013825,3
region_E_20260117_150058.jpg,4,31.2620267,34.8013825,3
region_E_20260117_150109.jpg,4,31.2620267,34.8013825,3
region_E_20260117_150111.jpg,4,31.2620267,34.8013825,3
region_E_20260117_150117.jpg,4,31.2620267,34.8013825,3
region_E_20260117_150119.jpg,4,31.2620267,34.8013825,3
region_E_20260117_150125.jpg,4,31.2620267,34.8013825,3
region_E_20260117_150128.jpg,4,31.2621449,34.801407,3
region_E_20260117_150129.jpg,4,31.2621694,34.8014138,3
region_E_20260117_150131.jpg,4,31.2621694,34.8014138,3
region_E_20260117_150138.jpg,4,31.2622229,34.8013857,3
region_E_20260117_150140.jpg,4,31.2622229,34.8013857,3
region_E_20260117_150142.jpg,4,31.2622229,34.8013857,3
region_E_20260117_150144.jpg,4,31.2622229,34.8013857,3
region_E_20260117_150154.jpg,4,31.2622229,34.8013857,3
region_E_20260117_150156.jpg,4,31.2623143,34.8013924,3
region_E_20260117_150205.jpg,4,31.262298,34.801408,3
region_E_20260117_150207.jpg,4,31.2622755,34.8013769,3
region_E_20260117_150209.jpg,4,31.2622755,34.8013769,3
region_E_20260117_150211.jpg,4,31.2623538,34.8013592,3
region_E_20260117_150223.jpg,4,31.2622956,34.8013934,3
region_E_20260117_150226.jpg,4,31.2622987,34.8013851,3
region_E_20260117_150228.jpg,4,31.2622959,34.8014244,3
region_E_20260117_150230.jpg,4,31.2622959,34.8014244,3
region_E_20260117_150246.jpg,4,31.262266,34.8014139,3
region_E_20260117_150249.jpg,4,31.2623116,34.8013985,3
region_E_20260117_150250.jpg,4,31.2622586,34.8013875,3
region_E_20260117_150253.jpg,4,31.2622586,34.8013875,3
region_E_20260117_150259.jpg,4,31.2622586,34.8013875,3
region_E_20260117_150302.jpg,4,31.2622586,34.8013875,3
region_E_20260117_150304.jpg,4,31.2622586,34.8013875,3
region_E_20260117_150306.jpg,4,31.2622586,34.8013875,3
region_E_20260117_150314.jpg,4,31.2622586,34.8013875,3
region_E_20260117_150316.jpg,4,31.2622586,34.8013875,3
region_E_20260117_150318.jpg,4,31.2622586,34.8013875,3
region_E_20260117_150320.jpg,4,31.2622586,34.8013875,3
region_E_20260117_150328.jpg,4,31.2621855,34.8014038,3
region_E_20260117_150336.jpg,4,31.2621573,34.8013853,3
region_E_20260117_150338.jpg,4,31.2621573,34.8013853,3
region_E_20260117_150340.jpg,4,31.2621573,34.8013853,3
region_E_20260117_150343.jpg,4,31.2621573,34.8013853,3
region_E_20260117_150345.jpg,4,31.2621573,34.8013853,3
region_E_20260117_150352.jpg,4,31.2621573,34.8013853,3
region_E_20260117_150354.jpg,4,31.2621573,34.8013853,3
region_E_20260117_150356.jpg,4,31.2621751,34.8014629,3
region_E_20260117_150358.jpg,4,31.2621526,34.8014359,3
region_E_20260117_150405.jpg,4,31.2620915,34.8014289,3
region_E_20260117_150407.jpg,4,31.2620915,34.8014289,3
region_E_20260117_150410.jpg,4,31.262088,34.8014521,3
region_E_20260117_150412.jpg,4,31.2621071,34.8014418,3
region_E_20260117_150414.jpg,4,31.2621071,34.8014418,3
region_E_20260117_150420.jpg,4,31.2621071,34.8014418,3
region_E_20260117_150422.jpg,4,31.2621071,34.8014418,3
region_E_20260117_150424.jpg,4,31.2621071,34.8014418,3
region_E_20260117_150432.jpg,4,31.2621071,34.8014418,3
region_E_20260117_150435.jpg,4,31.2621071,34.8014418,3
region_E_20260117_150437.jpg,4,31.2621071,34.8014418,3
region_E_20260117_150439.jpg,4,31.2621071,34.8014418,3
region_E_20260117_150448.jpg,4,31.2621071,34.8014418,3
region_E_20260117_150450.jpg,4,31.2621071,34.8014418,3
region_E_20260117_150452.jpg,4,31.2621071,34.8014418,3
region_E_20260117_150454.jpg,4,31.2621071,34.8014418,3
region_E_20260117_150509.jpg,4,31.2621071,34.8014418,3
region_E_20260117_150512.jpg,4,31.2621071,34.8014418,3
region_E_20260117_150515.jpg,4,31.262124,34.8013981,3
region_E_20260117_150525.jpg,4,31.2620633,34.8014461,3
region_E_20260117_150528.jpg,4,31.2620633,34.8014461,3
region_E_20260117_150531.jpg,4,31.2620633,34.8014461,3
region_E_20260117_150533.jpg,4,31.2620633,34.8014461,3
region_E_20260117_150542.jpg,4,31.2620633,34.8014461,3
region_E_20260117_150545.jpg,4,31.2620633,34.8014461,3
region_E_20260117_150549.jpg,4,31.2620633,34.8014461,3
region_E_20260117_150558.jpg,4,31.2620633,34.8014461,3
region_E_20260117_150601.jpg,4,31.2620633,34.8014461,3
region_E_20260117_150603.jpg,4,31.2620633,34.8014461,3
region_E_20260117_150608.jpg,4,31.2620633,34.8014461,3
region_E_20260117_150617.jpg,4,31.2622329,34.8014327,3
region_E_20260117_150634.jpg,4,31.2622329,34.8014327,3
region_E_20260117_150636.jpg,4,31.2622329,34.8014327,3
region_E_20260117_150638.jpg,4,31.2622329,34.8014327,3
region_E_20260117_150640.jpg,4,31.2622329,34.8014327,3
region_E_20260117_150645.jpg,4,31.2622329,34.8014327,3
region_E_20260117_150651.jpg,4,31.2622329,34.8014327,3
region_E_20260117_150653.jpg,4,31.2622329,34.8014327,3
region_E_20260117_150656.jpg,4,31.2622329,34.8014327,3
region_E_20260117_150658.jpg,4,31.2622329,34.8014327,3
region_E_20260117_150705.jpg,4,31.2622329,34.8014327,3
region_E_20260117_150708.jpg,4,31.2622329,34.8014327,3
region_E_20260117_150710.jpg,4,31.2622329,34.8014327,3
region_E_20260117_150712.jpg,4,31.2622329,34.8014327,3
region_E_20260117_150739.jpg,4,31.2622371,34.8014722,3
region_E_20260117_150741.jpg,4,31.2622371,34.8014722,3
region_E_20260117_150743.jpg,4,31.2622371,34.8014722,3
region_E_20260117_150745.jpg,4,31.2622371,34.8014722,3
region_E_20260117_150753.jpg,4,31.2622371,34.8014722,3
region_E_20260117_150756.jpg,4,31.2622371,34.8014722,3
region_E_20260117_150758.jpg,4,31.2622371,34.8014722,3
region_E_20260117_150801.jpg,4,31.2622371,34.8014722,3
